position,effective_radiation_temperature,epsilon_effective,spectral_radiance,flowgofluxradiationheat,flowgofluxconductionheat,characteristic_surface_temperature,effective_temperature_snyder,flowgofluxsnyderheat,flowgofluxforcedconvectionheat,heat_budget,channel_width,crystal_fraction,core_temperature,strain_rate,vesicle_fraction,viscosity,density,mean_velocity,crust_temperature,effective_cover_fraction,dphi_dx,dtemp_dx,dphi_dtemp,dtemp_dt,slope,effusion_rate,channel_depth,tho_0,tho_b
0.0,776.9782926523226,0.95,0.5218894420704695,78523.9608450917,11550.457673043778,775.9895377127852,0,0,16856.54320598856,106930.96172412405,4.0,0.1,1303.15,3.065167834396773,0.5,2368.6221516481874,1485.0,1.3098483878988867,773.15,0.9901464140463132,3.062950148187518e-05,-0.00225619095737027,0.013575757575757576,0.1773160852982096,0.40007159680524346,6.716902533145485,1.281999999999999,9.185172834459616,7274.002183000454
10.0,776.2019997837899,0.95,0.5261258236360082,86954.30046565531,12841.214061626397,775.5768021255342,0,0,18725.029101501477,118520.54362878318,4.44718680221185,0.10030629501481876,1303.1274380904265,2.756949928770506,0.5,2373.171667752867,1485.0,1.1781366028945952,773.15,0.9911328345486944,3.3949242653182584e-05,-0.002500725463292467,0.013575757575757576,0.17677177212572398,0.35871566458969983,6.716902533145485,1.281999999999999,9.265555764845262,6556.613784766939
20.0,775.3820765870687,0.95,0.5317046912345778,98128.87396226513,14552.155957009289,775.142108113145,0,0,21201.80073823543,133882.83065750985,5.039960350628254,0.10064578744135058,1303.1024308357935,2.4326920222812354,0.5,2378.226649681908,1485.0,1.039570390854847,773.15,0.9921716502350567,3.834964442386281e-05,-0.0028248622008648946,0.013575757575757576,0.17619858613585213,0.3157546319098492,6.716902533145485,1.281999999999999,9.355183010272402,5799.525760201777
30.0,776.0824906009491,0.95,0.5265540942434047,88400.30972470544,13061.487872139367,775.5136430078188,0,0,19045.65218721969,120507.44978406449,4.523926925421443,0.10102928388558921,1303.0741822137848,2.7101833295958695,0.5,2383.952538710757,1485.0,1.158151676180634,773.15,0.9912825922025461,3.451837570918694e-05,-0.002542648210721359,0.013575757575757576,0.1766863372310779,0.35406032680795696,6.716902533145485,1.281999999999999,9.457102369820413,6475.134072429732
40.0,775.6075827389237,0.95,0.5296597584615814,94749.12707314697,14033.196285526252,775.2618545822019,0,0,20452.852189639427,129235.17554831265,4.8607173545177895,0.10137446764268108,1303.0487557316776,2.522399564375292,0.5,2389.1206749096086,1485.0,1.0779054138430404,773.15,0.9918841478799654,3.701836154041069e-05,-0.002726798952753466,0.013575757575757576,0.1763538812180696,0.3293672280061402,6.716902533145485,1.281999999999999,9.549453705497005,6040.641118257523
50.0,775.9396733672654,0.95,0.5271658648511099,90199.10168707883,13335.75475965979,775.4381281129287,0,0,19444.464639928196,122979.32108666681,4.619380295194438,0.1017446512580852,1303.0214877421502,2.6541809840471298,0.5,2394.6782011618243,1485.0,1.1342200071828057,773.15,0.9914619546619035,3.522642307456457e-05,-0.002594803485403194,0.013575757575757576,0.1765846816711188,0.3480871137682042,6.716902533145485,1.281999999999999,9.649142092341714,6370.383046505499
60.0,776.6269353719723,0.95,0.5228177470917023,82072.67543951907,12090.791888947288,775.8034648722588,0,0,17643.439832109027,111806.90716057539,4.188341945430222,0.10209691548883085,1302.995539707296,2.9273329392229672,0.5,2399.9812531188895,1485.0,1.2509469426946136,773.15,0.9905874194016683,3.202617626683257e-05,-0.002359071019655078,0.013575757575757576,0.17706436077821905,0.3865155730489973,6.716902533145485,1.281999999999999,9.744629988692449,7040.161111420867
70.0,776.28309702455,0.95,0.5246735286896294,85929.84141093338,12680.900786350729,775.6207803304167,0,0,18498.37352205147,117109.11571933559,4.39295573073813,0.10241717725149917,1302.9719489970996,2.7909844963375003,0.5,2404.814884714382,1485.0,1.1926807081015574,773.15,0.9910238620796915,3.354495064507814e-05,-0.002470945025195488,0.013575757575757576,0.17682290773981052,0.36845126275670204,6.716902533145485,1.281999999999999,9.831973585537988,6726.549009674943
80.0,775.9883337366801,0.95,0.5263874986047862,89542.36500214865,13233.482622893804,775.4643660198219,0,0,19299.098708694306,122074.94633373676,4.584596603016537,0.10275262675794995,1302.9472395468476,2.6743184622873724,0.5,2409.8903927573083,1485.0,1.1428254228841361,773.15,0.9913974552764169,3.496737230584047e-05,-0.0025757216207427133,0.013575757575757576,0.17661600902742625,0.353179427983784,6.716902533145485,1.281999999999999,9.924002627854195,6459.700361670297
90.0,774.072182250015,0.95,0.5435037078722255,123589.75750682832,18445.98632199629,774.4508305777626,0,0,26845.548774251547,168881.29260307614,6.390722704277077,0.10310230048100835,1302.9214823306402,1.9185109266877551,0.5,2415.194941448318,1485.0,0.8198436693379001,773.15,0.9938211499523977,4.8374668277952305e-05,-0.003563312618688451,0.013575757575757576,0.17528155753821487,0.2515529879098835,6.716902533145485,1.281999999999999,10.02052746894165,4648.608653172318
100.0,774.6030658171711,0.95,0.5373293498248293,111751.43253087651,16632.299045003445,774.731126480673,0,0,24221.707101752225,152605.4386776322,5.762747468410119,0.10358604716378787,1302.8858492044533,2.1275739401729648,0.5,2422.556718699864,1485.0,0.9091832637672461,773.15,0.9931501424863388,4.3712582723963495e-05,-0.0032199000667205253,0.013575757575757576,0.17564875509992045,0.2804561940072131,6.716902533145485,1.281999999999999,10.155064073762073,5169.40111981275
110.0,776.9278437205006,0.95,0.5203373590469419,78920.84508946589,11605.359984574225,775.9645441812947,0,0,16945.264964747068,107471.47003878719,4.021261524773503,0.10402317299102751,1302.8536502037862,3.0489614420881703,0.5,2429.2324041690003,1485.0,1.3029228562523436,773.15,0.9901982565183184,3.07843256783287e-05,-0.002267595418269748,0.013575757575757576,0.17727011395180486,0.4086943941534501,6.716902533145485,1.281999999999999,10.277638625362028,7422.052382266709
120.0,778.0675063904224,0.95,0.5150172189773576,69058.2903553758,10095.265594344166,776.5731075406078,0,0,14759.551153614062,93913.10710333401,3.4981630123327108,0.1043310162478108,1302.8309742496035,3.5048885070142006,0.5,2433.947094755153,1485.0,1.497755688664067,773.15,0.9887408312589273,2.690064324503423e-05,-0.0019815205961743964,0.013575757575757576,0.17807002470751296,0.4753019552376151,6.716902533145485,1.281999999999999,10.364534856914709,8546.259993751342
130.0,777.7025970158654,0.95,0.5164163968740159,71922.66280898658,10533.34613086916,776.378161070511,0,0,15394.402379210342,97850.41131906609,3.6501011278042483,0.10460002268026114,1302.8111590436417,3.3589949725482295,0.5,2438.0760709877873,1485.0,1.4354105182689423,773.15,0.9892069638112536,2.8028451911166816e-05,-0.0020645957880993412,0.013575757575757576,0.17781255061269302,0.45486621335050226,6.716902533145485,1.281999999999999,10.44085780391671,8205.146543391093
140.0,777.1344494034987,0.95,0.5189111477599982,76905.15735132403,11295.58390899316,776.0750619104988,0,0,16498.695294848545,104699.43655516572,3.914390569140503,0.1048803071993728,1302.7905130857607,3.132204393257368,0.5,2442.387187167431,1485.0,1.338495344051981,773.15,0.9899320002773853,2.999029930537375e-05,-0.0022091068684761913,0.013575757575757576,0.17741275547811802,0.4229639042623563,6.716902533145485,1.281999999999999,10.520767781721956,7665.837019445753
150.0,777.1955081016039,0.95,0.5184784730213783,76328.07765906231,11206.834232896794,776.1077658763966,0,0,16370.855990338723,103905.76788229783,3.883797099159075,0.10518021019242654,1302.7684220170759,3.1568774126335772,0.5,2447.010294273113,1485.0,1.349038947665414,773.15,0.9898530962954804,2.976295938997635e-05,-0.002192360847922365,0.013575757575757576,0.17745481027104254,0.4273713282731401,6.716902533145485,1.281999999999999,10.606709651453366,7740.821580992596
160.0,777.2703538909268,0.95,0.5179853137203089,75634.16548617026,11100.214685948784,776.1478332528463,0,0,16217.12354325718,102951.50371537622,3.8470066888402275,0.10547783978632631,1302.7464984085966,3.1870678502208083,0.5,2451.6088451402256,1485.0,1.3619403279943576,773.15,0.9897565562407826,2.9489618205687425e-05,-0.00217222634104394,0.013575757575757576,0.177506559323962,0.4325940604982408,6.716902533145485,1.281999999999999,10.692449398929769,7829.482395790847
170.0,777.4787576581665,0.95,0.5168835321520984,73779.96040403999,10816.03910711126,776.2592035291535,0,0,15806.242403059203,100402.24191421046,3.7486735811341076,0.10577273596838319,1302.724776145186,3.270669230655661,0.5,2456.175496760852,1485.0,1.3976659845668513,773.15,0.9894892729838266,2.8759402963464656e-05,-0.002118438164719495,0.013575757575757576,0.17765213779419997,0.44560992064758204,6.716902533145485,1.281999999999999,10.777844277155898,8049.504379100717
180.0,777.5178482105315,0.95,0.5165778410024245,73437.01540058137,10763.168398051657,776.2802200697608,0,0,15730.292204690624,99930.47600332365,3.73049863246717,0.10606032999801783,1302.703591763539,3.2866038954901007,0.5,2460.639003533027,1485.0,1.4044753980061018,773.15,0.989438336212785,2.8624269467668694e-05,-0.0021084841348952385,0.013575757575757576,0.17767884567279246,0.44881276272133824,6.716902533145485,1.281999999999999,10.861549920413069,8103.4380495303585
190.0,776.8766415940399,0.95,0.5195596788656283,79373.25866527672,11671.19296385791,775.938344206497,0,0,17045.971952948046,108090.42358208267,4.045379708313116,0.10634657269269451,1302.68250692219,3.0307838130477185,0.5,2465.0913031242007,1485.0,1.2951549494423906,773.15,0.9902564079902021,3.096161987044952e-05,-0.0022806550351000764,0.013575757575757576,0.1772280994008344,0.4125209469939677,6.716902533145485,1.281999999999999,10.945280228086075,7487.57672784153
200.0,776.4747078602402,0.95,0.5216286772237863,83618.89169859028,12320.426422302295,775.7244944198684,0,0,17986.992454482846,113926.31057537542,4.2705959791517385,0.10665618889139901,1302.6597003718389,2.87095089243783,0.5,2469.9181588972683,1485.0,1.226853014701765,773.15,0.9907678714290162,3.263326208171367e-05,-0.0024037893944119444,0.013575757575757576,0.17694577591454547,0.39041544213756363,6.716902533145485,1.281999999999999,11.036318204157535,7107.56820653619
210.0,776.8649754620258,0.95,0.5193353350636537,79474.5005897548,11685.747881956597,775.9324226653811,0,0,17068.530265568155,108228.77873727956,4.050782970340194,0.10698252151221614,1302.6356624778948,3.02674110841278,0.5,2475.0180270160927,1485.0,1.2934273669950602,773.15,0.9902693413415514,3.1001250575745724e-05,-0.002283574261159841,0.013575757575757576,0.1772182466369798,0.41371132677125944,6.716902533145485,1.281999999999999,11.132802033755317,7507.937997244043
220.0,777.8279923219089,0.95,0.5146760284653343,70848.76091753966,10365.496932485543,776.4465724362786,0,0,15156.912304357173,96371.17015438239,3.5932821619134576,0.1072925340179736,1302.6128267352833,3.4121092597577047,0.5,2479.8746748007343,1485.0,1.4581080236697914,773.15,0.9890372372437758,2.760473534942277e-05,-0.002033384523506588,0.013575757575757576,0.17789365733585588,0.47122216821617524,6.716902533145485,1.281999999999999,11.224966326997563,8478.44078057902
230.0,778.2975510063081,0.95,0.5126697851087447,67296.96229922134,9821.736263280907,776.6980011909911,0,0,14369.823540588217,91488.52210309046,3.4049139548041296,0.10756858137146783,1302.5924928900483,3.6008755288185834,0.5,2484.208951861335,1485.0,1.5387741426484731,773.15,0.9884342707441284,2.6206140655134322e-05,-0.0019303630393290906,0.013575757575757576,0.17822356385063534,0.500521428178655,6.716902533145485,1.281999999999999,11.30744874789222,8962.288387351722
240.0,777.7217234791262,0.95,0.5148878863078371,71692.77589684768,10493.928585791467,776.3900401759636,0,0,15344.064855401017,97530.76933804016,3.638076377967326,0.10783064277801917,1302.573189259655,3.370097288731855,0.5,2488.332132778995,1485.0,1.4401549080514116,773.15,0.9891714839809518,2.7936893073823127e-05,-0.0020578514987414356,0.013575757575757576,0.1778174961572059,0.46669386204408525,6.716902533145485,1.281999999999999,11.386115357059499,8403.000536725749
250.0,777.0975734516963,0.95,0.5176449555387527,77174.57475023229,11332.21434007501,776.0569388355352,0,0,16559.015650439265,105065.80474074656,3.928849288856785,0.10811001170875739,1302.5526107446676,3.1206774391579417,0.5,2492.7367643274565,1485.0,1.3335694923334926,773.15,0.9899688654761309,3.009524248274937e-05,-0.002216837057881092,0.013575757575757576,0.1773783761918737,0.43063397052545893,6.716902533145485,1.281999999999999,11.470367781384775,7796.232921453746
260.0,777.2460728478172,0.95,0.5167871648474939,75785.13924445264,11119.223704223632,776.1363029060614,0,0,16251.137287163472,103155.50023583975,3.855167420900766,0.10841096413358489,1302.5304423740888,3.1803213710294242,0.5,2497.4922698347873,1485.0,1.3590573325532394,773.15,0.9897781286609864,2.9548051344463033e-05,-0.0021765305677841074,0.013575757575757576,0.17748178966039538,0.44031557368021207,6.716902533145485,1.281999999999999,11.561581121890272,7960.170399224331
270.0,777.7572599323314,0.95,0.5143441516111962,71384.34289401051,10445.599623743872,776.4094878800875,0,0,15275.87506366963,97105.81758142401,3.621762828904263,0.10870644464702953,1302.5086770684109,3.385277257731553,0.5,2502.172016241217,1485.0,1.4466418148039488,773.15,0.9891229751967894,2.7815169110537538e-05,-0.002048885224660131,0.013575757575757576,0.17784018238363972,0.47179811175832986,6.716902533145485,1.281999999999999,11.651592908913933,8488.023399899332
280.0,778.2732004216438,0.95,0.5121313617886001,67441.61360247528,9842.140113172529,776.6857346363923,0,0,14402.147725344965,91685.90144099278,3.4126597066998796,0.1089845963381349,1302.4881882161642,3.592702581366791,0.5,2506.587031351782,1485.0,1.5352815697707407,773.15,0.9884603695598456,2.6262678355958222e-05,-0.001934527646755851,0.013575757575757576,0.17820267853657318,0.5042321441003894,6.716902533145485,1.281999999999999,11.73674043741779,9023.026798685138
290.0,778.1571656866723,0.95,0.5124647874451107,68282.04543291432,9970.369660312806,776.6237360974535,0,0,14588.450360721905,92840.86545394904,3.45724831747159,0.10924722312169448,1302.4688429396967,3.5463669981778354,0.5,2510.764296881639,1485.0,1.5154808305546603,773.15,0.9886083468149758,2.6593508373531844e-05,-0.0019588968221574796,0.013575757575757576,0.17812023498084611,0.49805312658967094,6.716902533145485,1.281999999999999,11.817505334864272,8921.817890299813
300.0,777.4979915923386,0.95,0.5151228407606984,73526.95697592288,10772.275173403332,776.2713446780045,0,0,15750.877415347364,100050.10956467358,3.735449115917546,0.1095131582054298,1302.4492539714752,3.282248253721823,0.5,2515.0027877698326,1485.0,1.402614087090458,773.15,0.9894522592027026,2.865853752516642e-05,-0.002111008344487705,0.013575757575757576,0.17765580251663768,0.45889752198932243,6.716902533145485,1.281999999999999,11.89965442977495,8272.712977597172
310.0,777.2781662452344,0.95,0.5160130221787782,75459.85930809015,11067.53095568098,776.1541061031846,0,0,16179.309276983411,102706.69954075455,3.837986588549807,0.10979974358068147,1302.4281438880303,3.194558150402454,0.5,2519.5801215176502,1485.0,1.3651411829386473,773.15,0.9897326059427839,2.941949604734858e-05,-0.0021670610927734444,0.013575757575757576,0.17750066062134345,0.4466440874674755,6.716902533145485,1.281999999999999,11.988596614322814,8066.928094468591
320.0,777.4040491698025,0.95,0.5152923486789295,74329.63249294825,10894.257558017942,776.2214589995363,0,0,15928.878818581437,101152.76886954762,3.7780537119268502,0.11009393854115496,1302.4064732771026,3.2452347881878083,0.5,2524.289507923132,1485.0,1.3867969994855889,773.15,0.9895705821900951,2.8974385285890558e-05,-0.0021342739161481885,0.013575757575757576,0.17758827977967992,0.4551574715459966,6.716902533145485,1.281999999999999,12.080348238257107,8210.032635849702
330.0,777.3327092184227,0.95,0.5154947293239175,74955.05602274089,10989.514215071475,776.1835085794085,0,0,16067.542554546042,102012.1127923584,3.8112417582021205,0.11038368239401386,1302.385130537941,3.2169754939321473,0.5,2528.9380799087394,1485.0,1.3747208610736699,773.15,0.9896609297605713,2.9220537340756388e-05,-0.002152405652332502,0.013575757575757576,0.17753741710526227,0.4518072834375499,6.716902533145485,1.281999999999999,12.171156092364148,8153.788549317188
340.0,777.6939682892832,0.95,0.5137371626969027,71855.05944902904,10515.019927638592,776.3766634224786,0,0,15380.567406018328,97750.64678268596,3.646832078751906,0.11067588776742142,1302.3636064814177,3.3620060021472638,0.5,2533.636662459939,1485.0,1.436697231584263,773.15,0.9891973412952195,2.7999875173750226e-05,-0.00206249080520928,0.013575757575757576,0.1777904898007302,0.47471408427303385,6.716902533145485,1.281999999999999,12.263183073371213,8536.496428406952
350.0,777.2681573671645,0.95,0.5155440082925513,75522.99571368056,11075.579208970945,776.1493264231664,0,0,16193.520149500524,102792.09507215203,3.841395644412624,0.11095588651915893,1302.3429815733657,3.1917231320393804,0.5,2538.14890248683,1485.0,1.363929685091494,773.15,0.9897416708697417,2.94439569005319e-05,-0.002168862896690966,0.013575757575757576,0.17749058926142008,0.44977327446141396,6.716902533145485,1.281999999999999,12.351788425411616,8119.596232973776
360.0,776.5613511885936,0.95,0.5190731062291017,82542.98929328521,12148.706711143584,775.7726364138551,0,0,17749.40620322581,112441.1022076546,4.213766241958421,0.11125032608816425,1302.3212929443987,2.9096705022461644,0.5,2542.904377182605,1485.0,1.2433991946265266,773.15,0.9906439448987178,3.220783626334908e-05,-0.002372452224755624,0.013575757575757576,0.17699431113306324,0.40843939198322876,6.716902533145485,1.281999999999999,12.445410805003707,7417.681955011322
370.0,777.7557235136483,0.95,0.5130720045527982,71331.95638513484,10433.85374801861,776.4101458197492,0,0,15264.806026673778,97030.61615982722,3.6191335395432858,0.11157240445079775,1302.2975684221512,3.3877366512246243,0.5,2548.118626150932,1485.0,1.4476927956233216,773.15,0.9891151162354923,2.7793628276927716e-05,-0.002047298511470122,0.013575757575757576,0.17783155833273875,0.4816304056290037,6.716902533145485,1.281999999999999,12.548347703941086,8651.1773698354
380.0,778.7898532738609,0.95,0.5089713412168634,63862.72293543391,9291.438632623165,776.9643964140722,0,0,13609.561042006995,86763.72261006407,3.222994982704143,0.11185034073356702,1302.2770954370365,3.8041236189887577,0.5,2552.6286696734446,1485.0,1.6256288265145278,773.15,0.9877854566754687,2.4852760392394516e-05,-0.0018306720824754889,0.013575757575757576,0.17855959855005216,0.5479771809787815,6.716902533145485,1.281999999999999,12.637619693320469,9729.471431691843
390.0,777.6809842519959,0.95,0.5131589856580803,71929.2574978976,10524.495854826735,776.3704501864428,0,0,15397.279764602192,97851.03311732653,3.650841628962155,0.11209886833749097,1302.2587887162117,3.358313666723611,0.5,2556.6697040716913,1485.0,1.4351193735798884,773.15,0.9892091411114452,2.802863002020495e-05,-0.002064608907738311,0.013575757575757576,0.17777761454165175,0.4788530863162217,6.716902533145485,1.281999999999999,12.717794044352297,8605.175485659222
400.0,776.1839673285039,0.95,0.5208035389007519,86839.98805961419,12804.003387080222,775.5723058212723,0,0,18701.976246200586,118345.967692895,4.441753156381525,0.11237915463769302,1302.2381426271343,2.7603225361526507,0.5,2561.236446753464,1485.0,1.1795778304492317,773.15,0.9911220355410127,3.38992368008011e-05,-0.0024970419964875806,0.013575757575757576,0.1767273228454463,0.38934353311252284,6.716902533145485,1.281999999999999,12.808609044532323,7089.051577048542
410.0,776.7817078430236,0.95,0.5172075169712063,80175.77540830187,11784.506719877087,775.8906868690415,0,0,17225.036469701005,109185.31859787996,4.088279175883736,0.11271814700570103,1302.2131722071695,2.9989809428649856,0.5,2566.77292391204,1485.0,1.281564522917636,773.15,0.9903581557496476,3.12752436139204e-05,-0.002303756784061101,0.013575757575757576,0.17714477783301194,0.42597499164861974,6.716902533145485,1.281999999999999,12.919006501110179,7717.081575122684
420.0,777.5576551656258,0.95,0.5132858201821519,72936.57518582564,10677.270592028204,776.3049926705478,0,0,15620.699211676945,99234.54498953078,3.7043182976176334,0.11303089944184024,1302.1901346393288,3.3098320264412284,0.5,2571.893727617105,1485.0,1.4144015526325504,773.15,0.9893640898351437,2.8424925707222154e-05,-0.002093800331112346,0.013575757575757576,0.17768846635367103,0.4744475233900339,6.716902533145485,1.281999999999999,13.02140477317408,8532.068320265433
430.0,776.651841241656,0.95,0.5176449763695171,81516.36258162816,11988.570102943582,775.821755178809,0,0,17522.26363871852,111027.19632329026,4.159418541529833,0.11331514869891246,1302.1691966360177,2.947688773122991,0.5,2576.5585938051768,1485.0,1.2596456690478903,773.15,0.9905222781660016,3.1802834459548794e-05,-0.002342619502600692,0.013575757575757576,0.1770522306406851,0.4199552944395725,6.716902533145485,1.281999999999999,13.114926617794124,7614.5652107271835
440.0,775.2193518952669,0.95,0.527145341875475,100293.47725233562,14858.779376251767,775.0606745591541,0,0,21684.022545625197,136836.2791742126,5.155462148662172,0.11363317704350795,1302.1457704409916,2.3781905451034495,0.5,2581.7899882515867,1485.0,1.0162800929408733,773.15,0.9923463618940199,3.9195635652786544e-05,-0.002887178519066866,0.013575757575757576,0.17605092322165006,0.3361188938129669,6.716902533145485,1.281999999999999,13.22007788847187,6159.818625888961
450.0,774.0790269535148,0.95,0.538445056194888,122995.85410603607,18328.81692650536,774.4576544981876,0,0,26715.977885651115,168040.64891819254,6.3597875098475045,0.11402513340003581,1302.116898655801,1.9278429222049718,0.5,2588.2551992076533,1485.0,0.8238315420889238,773.15,0.993791188367984,4.813387275365598e-05,-0.0035455754483719806,0.013575757575757576,0.17525741335349498,0.27157279194056394,6.716902533145485,1.281999999999999,13.350423369960234,5009.7750543032325
460.0,774.1024082579568,0.95,0.5379403749325568,122406.98582402665,18237.63763389628,774.4701391045999,0,0,26585.5469951236,167230.1704530465,6.328574040808879,0.11450647212757237,1302.0814429013171,1.9373513304143963,0.5,2596.2216435460446,1485.0,0.8278948018637513,773.15,0.9937606613167473,4.7901717810420133e-05,-0.0035284747494282688,0.013575757575757576,0.17527235421354995,0.27381264806486827,6.716902533145485,1.281999999999999,13.511630859122905,5050.060853101727
470.0,775.723776274272,0.95,0.5226881393132955,92708.77467277888,13696.812462722606,775.3288049767381,0,0,20003.204853502273,126408.79198900376,4.753196460212086,0.11498548930567656,1302.046158153823,2.5794581478418475,0.5,2604.1792225487743,1485.0,1.102288448511082,773.15,0.9917013250304088,3.620876703174493e-05,-0.002667163642963354,0.013575757575757576,0.17639902043563446,0.36910177908819836,6.716902533145485,1.281999999999999,13.673310214891663,6737.881251211949
480.0,774.7918653235529,0.95,0.5301505861791321,107680.45422986618,15984.602771151083,774.8348549913438,0,0,23321.619112455664,146986.67611347293,5.547406682569567,0.11534757697599402,1302.0194865173933,2.210162701088995,0.5,2610.2139812079763,1485.0,0.944476194265363,773.15,0.9928851909214931,4.2103134033796194e-05,-0.0031013469265965946,0.013575757575757576,0.1757489005397119,0.31520075530054403,6.716902533145485,1.281999999999999,13.796353006167658,5789.692073466275
490.0,773.2836264319913,0.95,0.5492640864226994,146131.76522665092,21860.95261849679,774.038849655061,0,0,31844.403399170253,199837.12124431797,7.587220545413213,0.11576860831633198,1301.9884730481274,1.6159634828328764,0.5,2617.2524831967366,1485.0,0.6905550616639153,773.15,0.9947930073631938,5.724171280791544e-05,-0.004216465452368771,0.013575757575757576,0.1747020936278571,0.22959254101225532,6.716902533145485,1.281999999999999,13.940326940067871,4250.294853628775
500.0,774.7840773194822,0.95,0.5297770178893869,107792.54756527078,15999.671686315463,774.8310677280078,0,0,23346.651606569907,147138.87085815615,5.553404711080765,0.11634102544441113,1301.9463083936037,2.2077755855112184,0.5,2626.858730075284,1485.0,0.9434561002084598,773.15,0.9928928479933137,4.2146728976576524e-05,-0.0031045581612210386,0.013575757575757576,0.17574086013935689,0.31694878078819044,6.716902533145485,1.281999999999999,14.137627547084596,5820.720970466881
510.0,775.3619145578147,0.95,0.5245913489459194,97940.30587816187,14493.163147149742,775.137417929195,0,0,21163.05375729119,133596.5227826028,5.030798612895569,0.1167624927341769,1301.9152628119914,2.4371222704401276,0.5,2633.9591152026146,1485.0,1.0414635835680803,773.15,0.9921574498433118,3.826763386922699e-05,-0.002818821244831452,0.013575757575757576,0.17614198050480007,0.3520957191867362,6.716902533145485,1.281999999999999,14.284051518176234,6440.706461238023
520.0,775.4168195792325,0.95,0.5239911218828002,97087.74690718713,14362.167455728999,775.1666903642297,0,0,20974.1644073079,132424.07877022403,4.98559378423774,0.11714516907286916,1301.887074599543,2.4592198779511394,0.5,2640.42618354421,1485.0,1.0509066278444525,773.15,0.9920866228318276,3.793179684844697e-05,-0.0027940832499972097,0.013575757575757576,0.17617923637027416,0.35633792967820177,6.716902533145485,1.281999999999999,14.417848595166328,6515.015294421983
530.0,775.1295952481634,0.95,0.5261464288362128,101643.55059891757,15057.60957771445,775.0145022488364,0,0,21983.990236301866,138685.1504129339,5.227281484586786,0.11752448704135363,1301.859133767043,2.345515804675725,0.5,2646.855527956048,1485.0,1.0023170871980922,773.15,0.9924511198259649,3.9725229733239244e-05,-0.002926188797314498,0.013575757575757576,0.17597814191495736,0.34010614490661595,6.716902533145485,1.281999999999999,14.551271815085434,6230.068341546287
540.0,773.4366092329071,0.95,0.5457250027131545,140908.16082545975,21056.524561725993,774.1199561525943,0,0,30686.985872175053,192651.6712593608,7.3102222882721035,0.11792173933868602,1301.8298718790697,1.6771954195232979,0.5,2653.6092399714607,1485.0,0.7167215092762886,773.15,0.9945962385207895,5.518349928945857e-05,-0.004064855974446725,0.013575757575757576,0.17480218253977173,0.24183764272278363,6.716902533145485,1.281999999999999,14.691859962219544,4472.6589731654785
550.0,773.9109571146072,0.95,0.5385675476322608,127079.74854509637,18942.11268822654,774.3702338281081,0,0,27622.010228750627,173643.87146207353,6.576664700012909,0.11847357433158061,1301.7892233193252,1.8642688804802574,0.5,2663.025773799324,1485.0,0.7966642349252293,773.15,0.9939953189762932,4.9738870131813475e-05,-0.0036638007016737604,0.013575757575757576,0.17512913897504667,0.27030318828404554,6.716902533145485,1.281999999999999,14.88861409958364,4986.928932806411
560.0,775.4001281463438,0.95,0.5233028179061314,97285.4916289215,14388.998087850616,775.1585172719055,0,0,21018.33712827762,132692.82684504974,4.996178428904245,0.11897096303289874,1301.7525853123084,2.4540099021795916,0.5,2671.54801720223,1485.0,1.0486802315314112,773.15,0.9921033213340327,3.8008777541628826e-05,-0.0027997537028431945,0.013575757575757576,0.17616278167971164,0.3599735985369572,6.716902533145485,1.281999999999999,15.067414474088753,6578.606370553525
570.0,775.230157454856,0.95,0.5244896023556471,99937.69220666651,14793.455444300751,775.0684825071678,0,0,21606.24518840191,136337.3928393692,5.136887046094806,0.11935105080831503,1301.72458777528,2.3867901372112073,0.5,2678.0827580878376,1485.0,1.0199549853015883,773.15,0.9923187927255399,3.9052733732837514e-05,-0.0028766522615706206,0.013575757575757576,0.1760433489100826,0.350619955221422,6.716902533145485,1.281999999999999,15.204983206249212,6414.828945736048
580.0,774.6220311677472,0.95,0.529829205648107,110803.74003419065,16452.592926212117,774.7464291391685,0,0,24014.709431675637,151271.0423920784,5.713317730064192,0.1197415781456434,1301.6958212526642,2.1459810073348287,0.5,2684.8172104129508,1485.0,0.917049217134416,773.15,0.9930910849726633,4.333035579598331e-05,-0.0031917449581862706,0.013575757575757576,0.17561923291184633,0.31491328002801744,6.716902533145485,1.281999999999999,15.34717709462353,5784.587453339258
590.0,774.131219818313,0.95,0.5350279550039311,121493.63053007815,18084.573260285222,774.4870384467492,0,0,26384.173796341558,165962.37758670494,6.280417517137127,0.12017488170360323,1301.6639038030823,1.9522064105024681,0.5,2692.3134000235214,1485.0,0.8342428727547206,773.15,0.9937129704798942,4.753856888842218e-05,-0.0035017249404418124,0.013575757575757576,0.17527734443466184,0.2865804009054069,6.716902533145485,1.281999999999999,15.505953269298418,5279.210341626754
600.0,771.8132490085931,0.95,0.5861402292847251,224814.45333544243,33865.66594086641,773.2676770095877,0,0,49285.82653177342,307965.9458080823,11.761660699041398,0.12065026739248745,1301.6288865536778,1.0424268860762465,0.5,2700.5668749391925,1485.0,0.445463755983249,773.15,0.9966379583661831,8.821433232623457e-05,-0.006497930729387814,0.013575757575757576,0.17367555772992407,0.15258691095190285,6.716902533145485,1.281999999999999,15.681372195550132,2838.6653371037883
610.0,773.386029225643,0.95,0.544908511050284,142398.86406926584,21274.14631769555,774.094225818879,0,0,31018.085367331805,194691.0957542932,7.389491784145037,0.1215324107157498,1301.563907246384,1.6592035955562876,0.5,2715.9639000039033,1485.0,0.7090330031677197,773.15,0.9946540512129287,5.576767579533219e-05,-0.004107886833138308,0.013575757575757576,0.1747576402783913,0.24502066617897086,6.716902533145485,1.281999999999999,16.01028946213797,4530.352402502959
620.0,775.2320026358866,0.95,0.523248838989886,99821.32253154216,14770.44883380554,775.0704587865912,0,0,21580.969429757708,136172.7407951054,5.130856690925629,0.12209008747370312,1301.5228283780525,2.38959535924501,0.5,2725.7526716335083,1485.0,1.0211537501840335,773.15,0.9923097997159682,3.900557049823777e-05,-0.0028731781840219787,0.013575757575757576,0.1760374006536597,0.35763868868164533,6.716902533145485,1.281999999999999,16.220517890358487,6537.776661497276
630.0,774.9561605683587,0.95,0.525434636113962,104455.27030043614,15477.305108416396,774.9243201679162,0,0,22608.122688229952,142540.6980970825,5.376691923634901,0.1224801431786855,1301.4940965962123,2.280337335991215,0.5,2732.6247054223722,1485.0,0.9744641549135785,773.15,0.992660120443833,4.082961990799279e-05,-0.003007538966436969,0.013575757575757576,0.1758443350379195,0.3415713874355529,6.716902533145485,1.281999999999999,16.36861772475209,6255.859011582278
640.0,775.1455063474393,0.95,0.5236096206499405,101207.02628004139,14980.50777216279,775.0248621877236,0,0,21888.249871852804,138075.78392405697,5.204404759937159,0.12288843937776542,1301.464021206548,2.355825863500889,0.5,2739.8406610194425,1485.0,1.0067229190027123,773.15,0.9924180637268113,3.955068167463098e-05,-0.0029133314626402286,0.013575757575757576,0.17597505324549673,0.3543023939174672,6.716902533145485,1.281999999999999,16.524580737259456,6479.374308467164
650.0,775.6484484953533,0.95,0.5195175364710255,93514.77274554603,13805.284645481135,775.2920362385034,0,0,20183.410125663788,127503.46751669096,4.796382901700018,0.12328394619451173,1301.4348878919216,2.556232808944726,0.5,2746.8526696370227,1485.0,1.0923634870223786,773.15,0.9917757378588636,3.6522327904637586e-05,-0.0026902607608326793,0.013575757575757576,0.17632455754215975,0.38688839225782223,6.716902533145485,1.281999999999999,16.676575222129724,7046.609731595331
660.0,775.7315892239235,0.95,0.5187627930083489,92347.17207296584,13626.377958151887,775.3363701498203,0,0,19924.693967431635,125898.24399854937,4.734466284703676,0.12364916947355811,1301.4079852843133,2.5896628258182797,0.5,2753.3471471715943,1485.0,1.1066492475663439,773.15,0.991668631516204,3.60625247256995e-05,-0.0026563913302412577,0.013575757575757576,0.17638160801119485,0.3931904721821409,6.716902533145485,1.281999999999999,16.817735066050677,7155.467309751009
670.0,777.7199642925046,0.95,0.5077077721377389,71340.16402023466,10418.90342233641,776.3974228868025,0,0,15268.96842548388,97028.03586805495,3.620215713353224,0.12400979472081511,1301.381421371011,3.3867239712714934,0.5,2759.7781757463813,1485.0,1.4472600437233503,773.15,0.9891183522341163,2.7792889173403463e-05,-0.002047244068576594,0.013575757575757576,0.17777367241203187,0.5257054187828153,6.716902533145485,1.281999999999999,16.95787663379888,9372.043690383114
680.0,778.4094647645184,0.95,0.5048348880457822,66152.99487920964,9626.782186452367,776.7672568459584,0,0,14119.45407303825,89899.23113870027,3.3451100837101375,0.12428772361254914,1301.360948930325,3.665251974006339,0.5,2764.7469366467208,1485.0,1.5662843435587077,773.15,0.9882287204079196,2.5750901226216534e-05,-0.0018968297778239856,0.013575757575757576,0.17825848700409905,0.5751559507966294,6.716902533145485,1.281999999999999,17.066397503203987,10159.093739345562
690.0,776.3852995236981,0.95,0.5141620086062493,84150.75917998403,12373.634825840176,775.6846907824633,0,0,18108.24669461688,114632.64070044109,4.299739648793796,0.1245452326248113,1301.341980632547,2.851491564384968,0.5,2769.3603391979536,1485.0,1.2185373951805085,773.15,0.9908301590827004,3.283558458273267e-05,-0.0024186926143530763,0.013575757575757576,0.1768360438821679,0.4380904802682501,6.716902533145485,1.281999999999999,17.167346643959235,7922.558625627152
700.0,774.103082806139,0.95,0.5332516805899279,121989.65270094898,18149.15418858301,774.4735668957653,0,0,26495.00284049277,166633.80973002475,6.306975481856783,0.12487358847063863,1301.3177937064033,1.9439858887762052,0.5,2775.256574627651,1485.0,0.8307299698036976,773.15,0.9937393614085638,4.773089514732043e-05,-0.0035158918300481567,0.013575757575757576,0.17524540282853834,0.29450487153446747,6.716902533145485,1.281999999999999,17.296630529621407,5421.004476560939
710.0,772.9694223010362,0.95,0.5507675543606233,157464.45333454252,23563.12818099612,773.8757318583648,0,0,34358.142748331586,215385.72426387022,8.18891963737536,0.12535089742211183,1301.2826347881028,1.4972269701643786,0.5,2783.85476800675,1485.0,0.6398149919169106,773.15,0.9951746781133209,6.169548327392089e-05,-0.004544533366159352,0.013575757575757576,0.17445963473612255,0.22651411480588243,6.716902533145485,1.281999999999999,17.48568651014637,4194.2908174955255
720.0,774.4553969875489,0.95,0.5287561503864062,113992.67407908123,16925.971270244783,774.660245508702,0,0,24722.698281806253,155641.34363113227,5.882807467182756,0.12596785225485105,1301.2371894544412,2.0841530860874253,0.5,2795.0165459478817,1485.0,0.8906280854546924,773.15,0.9932894685278066,4.45821929264039e-05,-0.00328395617538243,0.013575757575757576,0.17548701607187808,0.31870290981989663,6.716902533145485,1.281999999999999,17.732035199935765,5851.840331295772
730.0,775.6206261164552,0.95,0.5183259004092564,93815.39943698584,13845.607798027693,775.2784654203884,0,0,20250.63022280237,127911.6374578159,4.812492533546694,0.1264136741841151,1301.2043498926873,2.5476759188967026,0.5,2803.1160979827096,1485.0,1.08870684267519,773.15,0.9918031551156865,3.663924485380707e-05,-0.00269887294682061,0.013575757575757576,0.17629688668287313,0.393934387333138,6.716902533145485,1.281999999999999,17.911445882419837,7168.298493610682
740.0,775.9420223456817,0.95,0.5159351710391404,89456.51284259652,13179.774210559866,775.4495563634102,0,0,19284.606192467305,121920.89324562368,4.581294504406631,0.12678006663265315,1301.177361163219,2.6762460535540478,0.5,2809.793965074824,1485.0,1.1436491468854288,773.15,0.9913912815132768,3.4923245055747834e-05,-0.002572471175981425,0.013575757575757576,0.17652026794791076,0.41598443604474394,6.716902533145485,1.281999999999999,18.059770988209554,7546.789615102878
750.0,776.2186085299501,0.95,0.5140175745237014,86020.55532151235,12654.878454921394,775.5969791636967,0,0,18523.142610983235,117198.57638741698,4.399054856506553,0.12712929908321063,1301.1516364514594,2.7871149002501254,0.5,2816.1770821968244,1485.0,1.191027100706886,773.15,0.9910362512158943,3.357057592349505e-05,-0.002472832601507448,0.013575757575757576,0.17671263863441292,0.43535772100123704,6.716902533145485,1.281999999999999,18.201889379774272,7876.311892999175
760.0,776.3992971798181,0.95,0.5127863382431705,83914.10323753943,12332.922991901201,775.693420893937,0,0,18056.34562955997,114303.3718590006,4.287338355620253,0.12746500484244558,1301.1269081254443,2.8597396147926206,0.5,2822.3295875803537,1485.0,1.2220620620547122,773.15,0.9908037572968873,3.2741268209773676e-05,-0.0024117452029520786,0.013575757575757576,0.17683813895221068,0.4485274212490128,6.716902533145485,1.281999999999999,18.339185674445627,8098.636459096123
770.0,776.698191362759,0.95,0.5109584390058606,80656.04145441849,11835.30585224434,775.8530060286405,0,0,17334.31835681473,109825.66566347756,4.114537868399644,0.12779241752454332,1301.1027906734148,2.9798416565202013,0.5,2828.3458512531242,1485.0,1.2733856678862983,773.15,0.9904193936109966,3.145866580594405e-05,-0.0023172677937414146,0.013575757575757576,0.1770465358322892,0.46985805874850206,6.716902533145485,1.281999999999999,18.473736192096165,8455.73334680915
780.0,777.0315871745248,0.95,0.5090841615937406,77313.67624161697,11324.898672574416,776.031206654159,0,0,16593.61348996868,105232.18840416006,3.9372678931248677,0.12810700418260276,1301.0796179954773,3.1140048557519515,0.5,2834.1411272084547,1485.0,1.330718075024666,773.15,0.989990206182696,3.014290172552539e-05,-0.00222034767174629,0.013575757575757576,0.17727940677790333,0.49388992433073353,6.716902533145485,1.281999999999999,18.603617991646196,8853.434617929584
790.0,775.8976033366242,0.95,0.515508819227302,89986.36987167814,13257.862802012041,775.426577355525,0,0,19402.348368714298,122646.58104240448,4.609485218571438,0.128408433199858,1301.0574145187597,2.6598786537354155,0.5,2839.7075633243808,1485.0,1.1366548113629333,773.15,0.9914437048710869,3.513111240388056e-05,-0.002587782833321559,0.013575757575757576,0.17648494849544125,0.418009591527526,6.716902533145485,1.281999999999999,18.72862223147714,7581.370406737928
800.0,773.9554353759647,0.95,0.5333517353015857,125514.89661813344,18677.751566959843,774.396668829529,0,0,27277.102011077623,171469.7501961709,6.494187003839131,0.1287597443238968,1301.0315366904265,1.8879455319563514,0.5,2846.21194659836,1485.0,0.8067820573226802,773.15,0.9939192904492236,4.9116110834954775e-05,-0.003617927807039079,0.013575757575757576,0.17513275436447526,0.2934307924645938,6.716902533145485,1.281999999999999,18.874999436868983,5401.805511509811
810.0,773.6240081969307,0.95,0.5377024748120028,134622.29858566978,20065.991311270118,774.2217515957169,0,0,29295.852406730814,183984.1423036707,6.977351171932607,0.12925090543224635,1300.995357412356,1.7572100121472167,0.5,2855.3359897795594,1485.0,0.7509144118575766,773.15,0.9943391702679564,5.270075634286996e-05,-0.003881975355613189,0.013575757575757576,0.17490187446035305,0.2735893729478549,6.716902533145485,1.281999999999999,19.080888546302365,5046.046185688994
820.0,774.4698263389556,0.95,0.5268987081165732,113552.03123019192,16850.32694828271,774.6690971144589,0,0,24625.749187748526,155028.10736622315,5.859630550236136,0.12977791299567504,1300.9565376588,2.092396650688669,0.5,2865.165518183963,1485.0,0.8941508353942905,773.15,0.9932630156053158,4.440653640202668e-05,-0.003271017190327858,0.013575757575757576,0.17548696519924434,0.3284267236228771,6.716902533145485,1.281999999999999,19.303419553430466,6024.017764140862
830.0,774.4526119129607,0.95,0.5268827819433987,113897.7624333161,16902.086287192556,774.6601227722957,0,0,24702.462910178587,155502.31163068724,5.877993924903163,0.13022197835969532,1300.9238274868967,2.0858598178610883,0.5,2873.4800017189377,1485.0,0.8913574288326376,773.15,0.9932839917077381,4.454236834430909e-05,-0.0032810226682191963,0.013575757575757576,0.17547383576912776,0.32836432684051753,6.716902533145485,1.281999999999999,19.492230313713105,6022.914716403391
840.0,774.1723198109526,0.95,0.5298233922431916,120117.44811779336,17849.787810359412,774.5119085877203,0,0,26081.12362104078,164048.35954919356,6.207959513114789,0.1306674020431384,1300.8910172602145,1.974992155101123,0.5,2881.849413112011,1485.0,0.8439799809465458,773.15,0.9936398234384657,4.699031403902187e-05,-0.0034613400966243785,0.013575757575757576,0.17527810492791346,0.3113431594293654,6.716902533145485,1.281999999999999,19.682818962963104,5721.1540950398885
850.0,774.290013334104,0.95,0.5282547405892934,117399.17917902913,17434.097138800687,774.5743288191233,0,0,25478.713763143096,160311.9900809729,6.063784588674514,0.13113730518352862,1300.8564038592483,2.021950344424613,0.5,2890.710946216404,1485.0,0.8640467805174507,773.15,0.9934890947377634,4.592006149178532e-05,-0.003382504529528829,0.013575757575757576,0.1753585289295047,0.31999219898147835,6.716902533145485,1.281999999999999,19.88518887907535,5874.7016627361345
860.0,774.9978276502084,0.95,0.5209987477141083,103426.12634251488,15302.046328096758,774.9496017235122,0,0,22381.73721231825,141109.90988292987,5.32257334052798,0.13159650579844648,1300.822578813953,2.3035232308082914,0.5,2899.402686744678,1485.0,0.9843722606320756,773.15,0.9925857677450683,4.041978229857615e-05,-0.0029773500353861898,0.013575757575757576,0.17584924710156563,0.36744234954266186,6.716902533145485,1.281999999999999,20.084249886701564,6708.967729217929
870.0,775.6951543869329,0.95,0.5153131500355801,92604.87560995389,13651.05534009941,775.3202807236204,0,0,19983.38310109479,126239.31405114809,4.748570328942218,0.13200070362143224,1300.792805313599,2.581971096196917,0.5,2907.0796525665737,1485.0,1.1033623151081482,773.15,0.9916932740038399,3.6160221459302705e-05,-0.002663587741421851,0.013575757575757576,0.17633414021213384,0.4153755451473353,6.716902533145485,1.281999999999999,20.260534129520828,7536.386365248973
880.0,775.9514412828972,0.95,0.5134014011742234,89177.16808956277,13127.749003847895,775.4568475729187,0,0,19223.743593263116,121528.66068667379,4.566766809655031,0.13236230583602526,1300.7661694361848,2.684759666656431,0.5,2913.968559769588,1485.0,1.1472872975511805,773.15,0.9913640142470312,3.48108932396612e-05,-0.0025641952609571864,0.013575757575757576,0.17651211908022688,0.43403662919761693,6.716902533145485,1.281999999999999,20.419089605792333,7853.933824574179
890.0,776.3358764997823,0.95,0.5108431424272335,84497.47512002739,12413.629044782863,775.6618762174149,0,0,18186.626605237092,115097.73077004735,4.3185548677733365,0.13271041476842188,1300.7405274835753,2.83906809407026,0.5,2920.6191750471758,1485.0,1.213228432199357,773.15,0.9908699276023669,3.29688058382654e-05,-0.0024285057871936567,0.013575757575757576,0.17677993612704151,0.46188486154181907,6.716902533145485,1.281999999999999,20.572487460418664,8322.695383147282
900.0,776.787068729745,0.95,0.5081685850994582,79605.97504003771,11667.327363518027,775.9028579862911,0,0,17102.57910873554,108375.88151229126,4.059112172449862,0.13304010282680453,1300.7162424257033,3.0205303072930874,0.5,2926.93489284904,1485.0,1.2907732846499116,773.15,0.9902892111590943,3.104338696536161e-05,-0.0022866780577163685,0.013575757575757576,0.17709497684972622,0.49501763411347716,6.716902533145485,1.281999999999999,20.71845592782935,8871.973178721993
910.0,775.2391330306635,0.95,0.51817874852176,99351.39635202603,14677.29652633093,775.0783520913983,0,0,21478.934839787697,135507.62771814465,5.106514417150098,0.13335053669645816,1300.693375645126,2.4009863354952925,0.5,2932.896959367241,1485.0,1.0260214940349874,773.15,0.9922732832448389,3.88150542843376e-05,-0.002859144623623082,0.013575757575757576,0.17601263030351139,0.38842223755115757,6.716902533145485,1.281999999999999,20.856512726881697,7073.130201275054
920.0,771.4159260638588,0.95,0.5990496645989802,262421.76357850834,39540.00778177201,773.0614570388339,0,0,57624.291942150056,359586.0633024304,13.757476596242768,0.13373868723930155,1300.6647841988897,0.891200595677229,0.5,2940.372422000376,1485.0,0.38083972121940224,773.15,0.9971249924801069,0.00010300049378774702,-0.007587089944186722,0.013575757575757576,0.17336791315263608,0.1424824772117642,6.716902533145485,1.281999999999999,21.029970239316505,2652.0059481522944
930.0,771.056564198958,0.95,0.6224266446892832,310819.95823347924,46912.95379742721,772.8734297299484,0,0,68352.42227589928,426085.3343068057,16.32515368694822,0.13476869217717902,1300.5889132994478,0.7510294587541535,0.5,2960.322150770441,1485.0,0.3209399220409413,773.15,0.9975766352901629,0.00012204866736563986,-0.008990192015772579,0.013575757575757576,0.17311869148050865,0.12106723903696659,6.716902533145485,1.281999999999999,21.49479392920243,2255.5303574738646
940.0,772.2743855638034,0.95,0.5629432556792598,191209.86533936986,28673.359331148167,773.5123320498843,0,0,41840.00761554654,261723.23228606457,9.979691334746832,0.13598917885083542,1300.49901137929,1.228562179563455,0.5,2984.1749007134877,1485.0,0.525005571400116,773.15,0.996038824117306,7.49684843556273e-05,-0.005522232106552904,0.013575757575757576,0.1739521573502924,0.19939797669076503,6.716902533145485,1.281999999999999,22.054150059822078,3699.3252533901887
950.0,772.9409714852898,0.95,0.5461810799298187,158055.22672879702,23617.442741863135,773.8633422481685,0,0,34491.236241812105,216163.90571247227,8.220853013955406,0.1367388636943917,1300.4437890582246,1.4914110879702929,0.5,2998.942468970438,1485.0,0.637329671592638,773.15,0.9951933766475581,6.191838700029547e-05,-0.004560952613861051,0.013575757575757576,0.17440982589249882,0.24369111329548143,6.716902533145485,1.281999999999999,22.402373138554644,4506.259333281162
960.0,773.5825889448654,0.95,0.5346794434979175,135509.62121345577,20179.7202828673,774.2020421658885,0,0,29494.05495238192,185183.396448705,7.024844594823072,0.13735804756439465,1300.398179532086,1.7453299033294685,0.5,3011.2064997469915,1485.0,0.7458376453561256,773.15,0.9943773340904198,5.304427290739167e-05,-0.003907279031124832,0.013575757575757576,0.17485174753941055,0.2871597183053616,6.716902533145485,1.281999999999999,22.692655458053032,5289.587523470632
970.0,773.5871131049784,0.95,0.5343741292469746,135351.0769544114,20154.145122549613,774.2045733357804,0,0,29459.013202102316,184964.23527906334,7.016461490666464,0.13788849029346856,1300.359106741775,1.7474151826952453,0.5,3021.7614397606553,1485.0,0.7467287547384343,773.15,0.9943706352047563,5.2981495978595054e-05,-0.0039026548377090104,0.013575757575757576,0.17485347522818254,0.2885613064544904,6.716902533145485,1.281999999999999,22.94326752173737,5314.686505816805
980.0,773.5091636416679,0.95,0.5353252459085804,137706.01482284427,20511.549966069186,774.1635350794593,0,0,29981.08818926062,188198.6529781741,7.141417008880317,0.13841830525325452,1300.3200801933979,1.7168401344356463,0.5,3032.3488840541972,1485.0,0.7336630174488322,773.15,0.9944688609781887,5.390796853724936e-05,-0.0039708994681456,0.013575757575757576,0.17479812514713985,0.2844398108050204,6.716902533145485,1.281999999999999,23.195369662021466,5240.851093068336
990.0,772.5262107179594,0.95,0.5546430533276009,177007.12075659027,26497.966797110792,773.645373882565,0,0,38692.437723436014,242197.5252771371,9.226376656937582,0.13895738493862703,1300.2803711987165,1.328871754695592,0.5,3043.1678608972666,1485.0,0.5678711965065825,773.15,0.9957160959616339,6.937550490307573e-05,-0.005110249245092632,0.013575757575757576,0.17411780119545675,0.22019242992271684,6.716902533145485,1.281999999999999,23.453718986209218,4079.160005951774
1000.0,771.3891873749593,0.95,0.5977963093033583,265003.96880493395,39901.64427857449,773.048244560253,0,0,58197.7759783642,363103.3890618727,13.89477523241543,0.1396511399876578,1300.2292687062654,0.8823943628094034,0.5,3057.160322971722,1485.0,0.3770765243738847,773.15,0.9971533608584966,0.00010400800305189282,-0.007661303796233176,0.013575757575757576,0.1733338684593633,0.1468814977122112,6.716902533145485,1.281999999999999,23.788934255655704,2733.30353558983
1010.0,772.0838548727735,0.95,0.5668259217161307,203113.73749074043,30468.48677116673,773.4130358439625,0,0,44479.470920712716,278061.69518261985,10.611450428769997,0.14069122001817672,1300.1526556683032,1.1554189900699805,0.5,3078.2849562888146,1485.0,0.49374904842323797,773.15,0.9962742152181512,7.964850373853258e-05,-0.005866965677168694,0.013575757575757576,0.17380852321403045,0.19360152833795397,6.716902533145485,1.281999999999999,24.297292181148432,3593.15427810453
1020.0,772.3963664327547,0.95,0.5569419569310704,183820.5517890542,27526.709353295097,773.5775400215134,0,0,40203.15249065408,251550.4136330034,9.587966610578391,0.14148770505556205,1300.0939860115316,1.2787561571251105,0.5,3094.582317936394,1485.0,0.5464551311447967,773.15,0.9958773208795848,7.205456345764954e-05,-0.005307590611835792,0.013575757575757576,0.17402160743121717,0.21553601785685414,6.716902533145485,1.281999999999999,24.691319163162234,3994.252699764786
1030.0,772.4656985289864,0.95,0.5547422302849951,179998.26449229653,26941.940792203477,773.6141737065318,0,0,39356.054204382046,246296.25948888203,9.385228249062077,0.14220825069013854,1300.040910105413,1.3063796651735538,0.5,3109.4164650079138,1485.0,0.5582595769174982,773.15,0.9957884511495634,7.054955387437691e-05,-0.005196730530925085,0.013575757575757576,0.174067475252909,0.22131712021235453,6.716902533145485,1.281999999999999,25.051331498956145,4099.654969990112
1040.0,772.5317846591531,0.95,0.5527081253994324,176498.63544001104,26406.476884141503,773.6491102749408,0,0,38580.47315748497,241485.5854816375,9.19960669176996,0.1429137462288823,1299.9889428001038,1.3327386428982435,0.5,3124.024782422328,1485.0,0.5695236467318489,773.15,0.9957036570324006,6.917157555773308e-05,-0.005095227663850874,0.013575757575757576,0.17411115840272096,0.22691679117849553,6.716902533145485,1.281999999999999,25.407109036499623,4201.618747942842
1050.0,771.8782631818809,0.95,0.5729186019767745,217955.7128697083,32716.402792269124,773.3054954534273,0,0,47769.85839787526,298441.9740598527,11.398989374529915,0.14360546198445964,1299.9379905234653,1.0755928385179947,0.5,3138.4290292995124,1485.0,0.45963667299335603,773.15,0.9965311770678744,8.548626832987454e-05,-0.006296979586798794,0.013575757575757576,0.1736593648309965,0.18385220117584153,6.716902533145485,1.281999999999999,25.759106353712884,3414.3097145533598
1060.0,771.5664746277331,0.95,0.586146929672049,245509.67936088538,36907.603008630016,773.1419068854935,0,0,53877.59182032068,336294.8741898361,12.86081703016062,0.14446032466775838,1299.8750207275973,0.9533353370033886,0.5,3156.3426122652104,1485.0,0.4073919673461144,773.15,0.9969248547019666,9.63289227110801e-05,-0.007095657253271525,0.013575757575757576,0.17344282608144077,0.1639565659172149,6.716902533145485,1.281999999999999,26.198479430205893,3048.3496995678574
1070.0,771.1368684328895,0.95,0.6113251688585943,297478.1216233277,44813.74808956006,772.9167302718972,0,0,65397.07528929274,407688.9450021805,15.617894921932644,0.14542361389486919,1299.8040641550647,0.7850399428907088,0.5,3176.677808771982,1485.0,0.3354737355952959,773.15,0.9974670319498957,0.00011677917175480924,-0.00860203720515336,0.013575757575757576,0.17314545329655098,0.13609486342190819,6.716902533145485,1.281999999999999,26.699377046976192,2533.866548954059
1080.0,771.2593366638304,0.95,0.6024289624275263,280404.55543415254,42207.97278495628,772.9810735494874,0,0,61612.769816532185,384225.298035641,14.712167561546002,0.1465914056124173,1299.7180437830132,0.8333694736888043,0.5,3201.5446489865662,1485.0,0.3561265550896821,773.15,0.9973113042778945,0.00011005820153305092,-0.008106965737925626,0.013575757575757576,0.17322634682865212,0.14556832870161598,6.716902533145485,1.281999999999999,27.314898171176242,2709.0405378998994
1090.0,772.1688061327181,0.95,0.5608583960989861,197052.8755613049,29517.397437595435,773.4589615566692,0,0,43137.35288248063,269707.625881381,10.290277819986253,0.1476919876277478,1299.636974125634,1.1914810806928702,0.5,3225.1978452370654,1485.0,0.5091595818160861,773.15,0.9961581524141625,7.725554875228507e-05,-0.005690698903628141,0.013575757575757576,0.17384843244075385,0.20953044575970142,6.716902533145485,1.281999999999999,27.903357731450637,3884.6165308367476
1100.0,771.5168632007052,0.95,0.5867856075972975,250249.02209540555,37608.67657574079,773.1164416251927,0,0,54928.86277589215,342786.5614470385,13.11245567138849,0.14846454311527066,1299.5800671365978,0.9350400599896784,0.5,3241.9285818427657,1485.0,0.39957378563558893,773.15,0.9969837801392302,9.81884135569339e-05,-0.007232628677184863,0.013575757575757576,0.17339812923835665,0.16533872852495454,6.716902533145485,1.281999999999999,28.321304253346575,3073.8138498896988
1110.0,770.5879194717817,0.95,0.6638809924783718,407902.6785939442,61589.32639162693,772.6296872613467,0,0,89874.61078018433,559366.6157657554,21.476381394942777,0.14944642725084,1299.507740849826,0.5708909295340702,0.5,3263.3456117875626,1485.0,0.24396072388755913,773.15,0.9981573566829567,0.00016022600292992043,-0.011802361822962888,0.013575757575757576,0.17275876403477508,0.10225027241412747,6.716902533145485,1.281999999999999,28.858332578711394,1906.298601818698
1120.0,770.2013564252347,0.95,0.7345914225284336,553384.9527763871,83704.83025779163,772.4276657122778,0,0,122122.71698487605,759212.5000190549,29.1946696393146,0.1510486872801392,1299.3897172315963,0.4199626674684624,0.5,3298.6661826437135,1485.0,0.17946404656485612,773.15,0.9986441717746966,0.00021747022583025677,-0.016019012170532306,0.013575757575757576,0.1724902047657244,0.07664036424718546,6.716902533145485,1.281999999999999,29.748785489489155,1429.933389457373
1130.0,770.8699099825133,0.95,0.6298526020816929,341872.1334205675,51516.62410547527,772.7777058472773,0,0,75238.932710464,468627.69023650675,17.973500277408018,0.15322338953844178,1299.229527109891,0.6821526774614,0.5,3347.3549417973213,1485.0,0.291506577501838,773.15,0.9977986368357928,0.0001342345780970241,-0.009887814904468294,0.013575757575757576,0.17294178490639295,0.1250787663842105,6.716902533145485,1.281999999999999,30.98563179305478,2329.882843446217
1140.0,771.8360092579542,0.95,0.5695690671163729,220558.6523365757,33063.61906876588,773.2850672891118,0,0,48348.879963599225,301971.1513689408,11.537648135362119,0.154565735319412,1299.1306489608464,1.0626664285253211,0.5,3377.8462094687898,1485.0,0.4541127871231535,773.15,0.9965727936539656,8.649717237371356e-05,-0.006371443500742293,0.013575757575757576,0.1736012379671871,0.19600381636799266,6.716902533145485,1.281999999999999,31.765480052415583,3637.170776143152
1150.0,771.557537864361,0.95,0.5815300784844918,245549.42377805285,36858.65372115425,773.138805249089,0,0,53888.46224260059,336296.5397418077,12.863494969540586,0.15543070704314915,1299.066934525839,0.9531368703932395,0.5,3397.6736243186374,1485.0,0.407307155948044,773.15,0.9969254939046371,9.632939979485229e-05,-0.007095692395602958,0.013575757575757576,0.17340757734811224,0.17691529648029777,6.716902533145485,1.281999999999999,32.27467906133901,3286.858467549333
1160.0,771.4775759541562,0.95,0.585170903743737,253760.56930594848,38101.85633119921,773.0969291574894,0,0,55708.718143485254,347571.14378063293,13.299161099997946,0.15639400104109769,1298.9959776018832,0.9219131376330937,0.5,3419.9223054925865,1485.0,0.3939642141485417,773.15,0.9970260614832681,9.955891812655587e-05,-0.007333581022715053,0.013575757575757576,0.17335010907051568,0.17230910677709607,6.716902533145485,1.281999999999999,32.84796214876614,3202.1415180606195
1170.0,771.4666017794459,0.95,0.5852946954127772,254861.36076302498,38263.979220179186,773.0913026690307,0,0,55952.90546732451,349078.2454505287,13.357611738891114,0.15738959022236323,1298.922641791656,0.9178790024185054,0.5,3443.1040721524173,1485.0,0.3922402937001743,773.15,0.9970390556476724,9.999061510268992e-05,-0.007365380130332069,0.013575757575757576,0.17333993193209277,0.17276460939806948,6.716902533145485,1.281999999999999,33.447369175758645,3210.522169617307
1180.0,771.3889267011144,0.95,0.5891117758014386,263463.8656911756,39565.91990431468,773.0506322461595,0,0,57859.91853943563,360889.70413492597,13.814042712116184,0.15838949637339014,1298.8489879903525,0.8875512833642362,0.5,3466.5797486558686,1485.0,0.3792802484243166,773.15,0.9971367482685058,0.00010337391106714802,-0.007614596127714028,0.013575757575757576,0.17328395465821295,0.16827280377889256,6.716902533145485,1.281999999999999,34.056476846722596,3127.850001348322
1190.0,771.1274967824181,0.95,0.6054476540621723,297537.7680334328,44737.14252156116,772.9134873931179,0,0,65412.92553025836,407687.83608525235,15.621785811681248,0.15942323548406162,1298.7728420290753,0.7848444144215018,0.5,3491.0555661414696,1485.0,0.3353901797627881,773.15,0.997467662032158,0.00011677885411460338,-0.00860201380754891,0.013575757575757576,0.17310185743414885,0.15005790218079745,6.716902533145485,1.281999999999999,34.693717358234586,2791.973359007252
1200.0,771.0480222160058,0.95,0.6109136071912589,309647.4024569093,46569.49724495775,772.8719128579335,0,0,68097.36775966958,424314.26746153657,16.264288411626662,0.16059102402520767,1298.6868218909997,0.7538400099215191,0.5,3518.9596583418875,1485.0,0.3221409642397956,773.15,0.9975675774561201,0.000121541359718846,-0.008952823372147138,0.013575757575757576,0.17304426922632343,0.1453964159447995,6.716902533145485,1.281999999999999,35.42284436971841,2705.8638149648855
1210.0,770.914821937504,0.95,0.621605441462261,332431.7361661777,50022.19241176976,772.8021567894663,0,0,73147.9793790982,455601.9079570457,17.47311079965235,0.16180643762239613,1298.5972936572782,0.701687952315339,0.5,3548.2916346261013,1485.0,0.2998546516227546,773.15,0.9977356663137399,0.00013050344904704263,-0.00961297727355448,0.013575757575757576,0.17294975708514815,0.13664676292890185,6.716902533145485,1.281999999999999,36.19219488912558,2544.0781213524056
1220.0,770.9214854358368,0.95,0.620388791085402,331068.048281758,49806.15743061756,772.8057922527394,0,0,72845.94822386898,453720.1539362445,17.400831685679822,0.16311147211286656,1298.5011638845426,0.7046026051546218,0.5,3580.1197307002276,1485.0,0.3011001799360748,773.15,0.9977262714853283,0.00012996443596197045,-0.009573273184698717,0.013575757575757576,0.172950856709399,0.13848600522815208,6.716902533145485,1.281999999999999,37.03026236904179,2578.1032627780546
1230.0,770.9778937472345,0.95,0.6148522779162612,320910.71501017036,48255.15721928476,772.83553632914,0,0,70594.71286179953,439760.5850912546,16.862029748935946,0.16441111647248627,1298.4054311526957,0.7271171691747719,0.5,3612.1637617445144,1485.0,0.31072140362735223,773.15,0.9976537030563822,0.00012596583136953188,-0.009278733114273553,0.013575757575757576,0.1729860586290403,0.14417430193686384,6.716902533145485,1.281999999999999,37.87728771236835,2683.2784468364334
1240.0,770.469162251646,0.95,0.6735484297057888,441490.87181296473,66550.47794629412,772.56885929985,0,0,97322.85402344925,605364.2037827082,23.259159706492795,0.16567077478618158,1298.312643821553,0.5271330302686956,0.5,3643.557047876787,1485.0,0.22526151493482244,773.15,0.9982984721897217,0.00017340163669970525,-0.012772888417612217,0.013575757575757576,0.1726344117026865,0.10614797131569337,6.716902533145485,1.281999999999999,38.71015954305306,1978.6970991698113
1250.0,770.3521311833571,0.95,0.69326240340201,483138.6427696115,72855.0187539299,772.5076767689027,0,0,106554.88026235517,662548.5417858966,25.46876916594846,0.16740479115317863,1298.1849149373768,0.4814002301288872,0.5,3687.319823353631,1485.0,0.20571836500841095,773.15,0.9984459779053115,0.0001897816237246752,-0.013979449961862237,0.013575757575757576,0.17254977539227154,0.0984069180432543,6.716902533145485,1.281999999999999,39.875985878531516,1834.8811738627926
1260.0,770.7026249181473,0.95,0.6398821176324547,376004.52292144304,56581.56034715472,772.691583988456,0,0,82807.75812988299,515393.84139848076,19.78513656530553,0.16930260739042538,1298.0451204377582,0.6196910138637579,0.5,3735.955595664279,1485.0,0.2648146265911123,773.15,0.998000004085457,0.0001476303605086034,-0.010874557805321233,0.013575757575757576,0.1727845178735765,0.1276164417763467,6.716902533145485,1.281999999999999,41.17779842298624,2376.8986291791075
1270.0,770.3041714215241,0.95,0.7011921915545579,502166.47578095243,75707.3310596734,772.4827917355373,0,0,110773.24933259515,688647.056173221,26.478419181437307,0.1707789109955114,1297.936374859705,0.4630439322519086,0.5,3774.332568704612,1485.0,0.19787410704898212,773.15,0.9985051900936501,0.00019725733021989648,-0.01453011584209059,0.013575757575757576,0.17250802185431666,0.09712122837831724,6.716902533145485,1.281999999999999,42.209322850684124,1810.9843137339597
1280.0,770.2829710979021,0.95,0.7047063552721418,511001.4419831034,77026.45206080112,772.4718199595696,0,0,112731.99038186988,700759.8844257743,26.947238985403033,0.17275148429771037,1297.7910737012842,0.4549880358514109,0.5,3826.3659557726683,1485.0,0.19443155398716944,773.15,0.9985311772294868,0.00020072695103812561,-0.01478569058986193,0.013575757575757576,0.17248828788961937,0.09687236445903895,6.716902533145485,1.281999999999999,43.613575909732795,1806.3583821389157
1290.0,770.6189405857843,0.95,0.6475685660567391,396274.4021139992,59612.021147022424,772.648171835004,0,0,87301.81965224691,543188.2429132685,20.86078460782755,0.1747587538080916,1297.6432167953856,0.5877377849434554,0.5,3880.218614129553,1485.0,0.2511599467658364,773.15,0.998103032324278,0.00015559184003388258,-0.011461006073924387,0.013575757575757576,0.1727127405245866,0.1260647866984692,6.716902533145485,1.281999999999999,45.073305031459725,2348.1527471379122
1300.0,770.6075508288499,0.95,0.6483143924774177,399106.8001058072,60028.5316214218,772.6423320740279,0,0,87929.94275822249,547065.2744854515,21.011130622986997,0.17631467220843045,1297.5286067346462,0.5835322028874277,0.5,3922.601409431456,1485.0,0.2493627613672272,773.15,0.9981165933644446,0.00015670238409306564,-0.011542809542569567,0.013575757575757576,0.17270081168826767,0.12661220784972246,6.716902533145485,1.281999999999999,46.226354198847794,2358.2948921849056
1310.0,770.9124462472765,0.95,0.6142959710073894,331174.471608877,49721.319673554004,772.802624145099,0,0,72872.30128688678,453768.0925693178,17.40724165941314,0.1778816960493611,1297.4131786392206,0.7043431450816341,0.5,3965.861062805364,1485.0,0.30098930399821805,773.15,0.9977271078018797,0.00012997816759225867,-0.009574284666394053,0.013575757575757576,0.17290543668112543,0.15398288228202262,6.716902533145485,1.281999999999999,47.40681571907198,2864.4307849558772
1320.0,771.6318616021549,0.95,0.5671802528240735,236526.18267018365,35372.464523849645,773.1814184843637,0,0,51892.82519273683,323791.4723867701,12.386024964215121,0.1791814777252837,1297.3174357925566,0.9898794304879742,0.5,4002.1871754621266,1485.0,0.42300847662852725,773.15,0.9968071638934096,9.274742528619451e-05,-0.0068318415947420065,0.013575757575757576,0.17339561433355347,0.21773057760339035,6.716902533145485,1.281999999999999,48.40066966208234,4034.280283137019
1330.0,771.7332700804368,0.95,0.5622609957434863,227327.22253029258,33974.46668592968,773.2350185220029,0,0,49853.96938983183,311155.6586060541,11.898052687762375,0.18010895197814564,1297.249117376609,1.0304771427174537,0.5,4028.3574761579107,1485.0,0.4403572323212582,773.15,0.9966764346350678,8.912799953072761e-05,-0.006565232108290203,0.013575757575757576,0.17346284644519996,0.22819109177040545,6.716902533145485,1.281999999999999,49.11804965327229,4224.8040567980515
1340.0,771.086642721166,0.95,0.5984783653395114,301621.79755581357,45223.65857345988,772.8945706921421,0,0,66322.22830095098,413167.6844302245,15.839568247121807,0.1810002319734529,1297.183465055526,0.7740533798839477,0.5,4053.704304180485,1485.0,0.33077881100374007,773.15,0.9975024363038881,0.00011834851196015617,-0.008717635925636503,0.013575757575757576,0.17301655477473188,0.1728720253120069,6.716902533145485,1.281999999999999,49.8139038489566,3212.4983847283215
1350.0,771.0847589702993,0.95,0.5980761342763261,301796.3089770385,45242.738446178766,772.8937182607802,0,0,66361.13137525665,413400.1787984739,15.848887529915206,0.18218371709305448,1297.0962886962698,0.7735982298091739,0.5,4087.6638222223487,1485.0,0.33058431020512,773.15,0.9975039030585214,0.00011841510807490163,-0.008722541443017307,0.013575757575757576,0.1730121207705269,0.17427599343416378,6.716902533145485,1.281999999999999,50.747739242355514,3238.3248744809734
1360.0,771.1358057549224,0.95,0.5937869448642372,294067.7382330348,44065.12792923704,772.920721681894,0,0,64648.23669840996,402781.10286068177,15.43893153207248,0.1833678681738035,1297.0090632818396,0.7941398866959839,0.5,4121.992066185839,1485.0,0.33936244491475015,773.15,0.997437708204304,0.00011537336041895241,-0.008498484138003191,0.013575757575757576,0.17304398130851917,0.18040377917071082,6.716902533145485,1.281999999999999,51.69339980756171,3350.972261285283
1370.0,771.3487234809872,0.95,0.5794880152362425,265976.5119391533,39805.299414479516,773.0329829192611,0,0,58421.75681452971,364203.56816816254,13.948694467379289,0.184521601777993,1296.9240784404597,0.8789834321957627,0.5,4155.779004371696,1485.0,0.3756189200249889,773.15,0.9971643490394079,0.00010432314037996972,-0.007684517036917412,0.013575757575757576,0.17318699941923277,0.2011719799912757,6.716902533145485,1.281999999999999,52.62569963772993,3731.794209436885
1380.0,771.5518869749669,0.95,0.5681206806483573,243769.6714625145,36438.128946336765,773.1402018954363,0,0,53499.599426392444,333707.3998352437,12.770633953829929,0.1855648331817927,1296.8472332700906,0.9600675567018427,0.5,4186.622640392721,1485.0,0.41026886923058714,773.15,0.9969031724420069,9.55877617947239e-05,-0.0070410628107720735,0.013575757575757576,0.17332373265341988,0.22131701662311068,6.716902533145485,1.281999999999999,53.47804217094818,4099.65308254632
1390.0,771.583114337401,0.95,0.5661759938337638,240620.63937855273,35956.76156756519,773.1568083767565,0,0,52801.76645375123,329379.1673998692,12.60362152229326,0.18652071079973995,1296.7768226419828,0.9727895522648345,0.5,4215.130386534907,1485.0,0.4157054020011723,773.15,0.9968622003764408,9.434797492985654e-05,-0.006949739224743897,0.013575757575757576,0.1733426482935286,0.22582949419610576,6.716902533145485,1.281999999999999,54.26683669604503,4181.830487293925
1400.0,772.0137741031798,0.95,0.5481794166108471,204931.3827846108,30551.26397434898,773.3842712014451,0,0,44891.12210567444,280373.7688646342,10.710299372610079,0.1874641905490385,1296.7073252497353,1.144755240823786,0.5,4243.50218431865,1485.0,0.48919207291203076,773.15,0.9963085381882146,8.03107783793627e-05,-0.005915749300265556,0.013575757575757576,0.17363625978148817,0.26771592523660925,6.716902533145485,1.281999999999999,55.052768622755245,4940.347099718632
1410.0,772.1148633131221,0.95,0.5444280501345948,198006.53289832,29500.114533969703,773.4378269626345,0,0,43356.32717058057,270862.9746028703,10.342968549511149,0.18826729833283215,1296.6481677567326,1.1854112558590912,0.5,4267.837540233252,1485.0,0.5065657433371179,773.15,0.9961776866881921,7.758648896647896e-05,-0.00571507619619153,0.013575757575757576,0.17370370929312184,0.27897038922876277,6.716902533145485,1.281999999999999,55.727559859343565,5142.730726316044
1420.0,771.6316252271938,0.95,0.562767934168653,235806.22646024078,35215.9664954167,773.1827726671559,0,0,51735.079240705374,322757.27219636284,12.348338579236284,0.18904316322249695,1296.5910169947706,0.9929004828393189,0.5,4291.510178201403,1485.0,0.42429947300000187,773.15,0.9967974351701823,9.245118708021671e-05,-0.006810020476890963,0.013575757575757576,0.17336928596784343,0.2348371848995005,6.716902533145485,1.281999999999999,56.38453799987931,4345.614588827967
1430.0,770.4997928754643,0.95,0.6570566781941999,428373.8389843921,64342.917357390405,772.5869035675928,0,0,94419.85563529888,587136.6119770814,22.56452371313259,0.18996767509329912,1296.5229167900018,0.543360519967517,0.5,4319.928952976212,1485.0,0.23219606219945207,773.15,0.9982461375871357,0.00016818049175515822,-0.012388295151607637,0.013575757575757576,0.17259080109407146,0.13064688746759084,6.716902533145485,1.281999999999999,57.17392522541425,2433.0239439802494
1440.0,769.6971295794523,0.95,0.9490606701518688,1025334.5508989578,154614.85848095693,772.1657856434986,0,0,226743.57354161053,1406692.9829215251,54.23497697636949,0.1916494800108507,1296.3990338384856,0.22606576090055583,0.5,4372.220932255337,1485.0,0.09660543515817077,773.15,0.9992699295414225,0.00040293572703571623,-0.029680533464684453,0.013575757575757576,0.1720380510649495,0.05766022621505473,6.716902533145485,1.281999999999999,58.62824778773076,1076.264836939355
1450.0,769.946783876545,0.95,0.7947482684002679,713868.8319636812,107446.99394222096,772.2968750277131,0,0,157704.20772745364,979020.0336333557,37.711075602504074,0.19567883728120786,1296.1022285038387,0.32512123140749044,0.5,4500.70062006641,1485.0,0.1389351395548008,773.15,0.998950201769085,0.0002804323003128213,-0.020656843549828354,0.013575757575757576,0.17219768648142536,0.08344117145314595,6.716902533145485,1.281999999999999,62.20975496202466,1556.5382751698792
1460.0,770.6328009968173,0.95,0.6345888521116916,389692.9342524569,58422.43770356683,772.6575838783716,0,0,85847.38840220554,533962.7603582293,20.51284536851414,0.19848316028433607,1295.8956600683405,0.5977070034567906,0.5,4592.861929983126,1485.0,0.25542012614386833,773.15,0.9980708869813892,0.00015294927583138707,-0.011266352907222709,0.013575757575757576,0.1726591968446497,0.15278627749255053,6.716902533145485,1.281999999999999,64.78431474332332,2842.345385831339
1470.0,770.8819113884146,0.95,0.6068708333993754,334531.76134886633,50077.129901614804,772.7889020010344,0,0,73620.6035970228,458229.49484750396,17.58649416918942,0.20001265304264995,1295.7829965392682,0.6971640407482192,0.5,4644.1045590111735,1485.0,0.2979214334130721,773.15,0.9977502484564343,0.00013125609987199908,-0.009668418070928502,0.013575757575757576,0.1728257382316721,0.1796441891113663,6.716902533145485,1.281999999999999,66.21717496169872,3337.015425824562
1480.0,771.1079879363336,0.95,0.5876239346587803,296466.4700138733,44318.792392197094,772.9082122183733,0,0,65183.28278981582,405968.54519588617,15.567114151611982,0.20132521404136994,1295.686312358559,0.7876007857447037,0.5,4688.640555647515,1485.0,0.33656806910823645,773.15,0.9974587797783271,0.0001162863772679116,-0.008565737611252417,0.013575757575757576,0.17297722609842142,0.2045703746270331,6.716902533145485,1.281999999999999,67.46308058141285,3793.960941035807
1490.0,771.0633377631142,0.95,0.5904357405660898,303143.5315221495,45320.01404300037,772.8848029436512,0,0,66663.53708590356,415127.08265105344,15.921406316530753,0.20248807781404907,1295.6006549824465,0.7700746462865644,0.5,4728.536585714743,1485.0,0.3290785655131249,773.15,0.9975152581388782,0.00011890976559278785,-0.008758978269111605,0.013575757575757576,0.17294352024959286,0.2018490839248171,6.716902533145485,1.281999999999999,68.57951834001499,3744.183912470224
1500.0,771.2802635316375,0.95,0.5749767212738222,272700.0621693864,40716.03635451522,772.9993942781485,0,0,59915.66060302772,373331.7591269294,14.306378135139356,0.20367717546997693,1295.5130651997554,0.8570073586600097,0.5,4769.765179084866,1485.0,0.36622781126737713,773.15,0.9972351470127061,0.00010693783619856453,-0.007877117398554977,0.013575757575757576,0.17308916783813788,0.2264055164859968,6.716902533145485,1.281999999999999,69.73347408401408,4192.31442181669
1510.0,771.9862466356448,0.95,0.5415414839771722,205749.2729868785,30602.978022921925,773.3726948355833,0,0,45075.626757587735,281427.8777673881,10.754578459867245,0.20474655383196258,1295.4342940257698,1.140042018693724,0.5,4807.220993648954,1485.0,0.4871779559884509,773.15,0.9963237088187861,8.06127192735469e-05,-0.005937990482203231,0.013575757575757576,0.17357148394791877,0.303783816170211,6.716902533145485,1.281999999999999,70.7819487262712,5586.601167767868
1520.0,772.1885933499251,0.95,0.5345273022967447,192216.3446396847,28556.898704884108,773.4799756463907,0,0,42076.103368648706,262849.34671321756,10.036681019595376,0.20555268102469804,1295.3749141209478,1.2215862309113592,0.5,4835.695586168515,1485.0,0.5220245160094538,773.15,0.9960612718768641,7.529105064474599e-05,-0.005545992569813879,0.013575757575757576,0.173708645222947,0.32789304415099657,6.716902533145485,1.281999999999999,71.57904492342921,6014.582643392591
1530.0,771.3040920542229,0.95,0.5723425953772578,269510.0950367595,40219.86662930792,773.0123155706797,0,0,59209.06157071725,368939.0232367847,14.137279073327123,0.2063055915311455,1295.3194541952496,0.8672582095885314,0.5,4862.478030539079,1485.0,0.37060834156416544,773.15,0.9972021223136102,0.00010567957284539467,-0.007784432821200947,0.013575757575757576,0.17309854427297644,0.23373029181734184,6.716902533145485,1.281999999999999,72.32876222214249,4325.507022448384
1540.0,770.1464818991556,0.95,0.7207540549505317,572641.6246508263,85959.31612194575,772.4024237038763,0,0,126401.70287065441,785002.6436434265,30.219196005316828,0.20736238725959943,1295.2416098670376,0.40572460416981065,0.5,4900.378828827359,1485.0,0.17337964751523227,773.15,0.9986901085225405,0.00022485760203658383,-0.016563171578587648,0.013575757575757576,0.17230301100179038,0.11258755160414181,6.716902533145485,1.281999999999999,73.3896468137378,2098.243839497519
1550.0,770.5053435652464,0.95,0.6469181357681982,423993.5577200204,63507.09096083977,772.591443591834,0,0,93452.5696209343,580953.2183017945,22.333149535401713,0.20961096327996528,1295.0759781512518,0.5489898018258426,0.5,4982.238574217584,1485.0,0.23460164198024316,773.15,0.9982279834651335,0.0001664093090903203,-0.0122578285713852,0.013575757575757576,0.17254240259755838,0.15313012415506014,6.716902533145485,1.281999999999999,75.68041676552424,2848.6920853849447
1560.0,770.7668241978237,0.95,0.6131415621105336,356571.8222671797,53323.486791007905,772.7293910375828,0,0,78508.10897113688,488403.4180293245,18.756348928733942,0.2112750563708685,1294.953399865538,0.6536811286766081,0.5,5043.905840693648,1485.0,0.2793397356544703,773.15,0.9978904198969588,0.00013989917396307455,-0.010305073082101473,0.013575757575757576,0.17271698343925337,0.18379144081824608,6.716902533145485,1.281999999999999,77.40527680551001,3413.194073203217
1570.0,770.5994231205972,0.95,0.632270841286551,396671.27407755033,59359.991228500134,772.6412731167424,0,0,87396.8494802584,543428.1147863088,20.88379246422055,0.21267404811049923,1294.850349134717,0.5870902690970933,0.5,5096.477654382526,1485.0,0.2508832416608243,773.15,0.9981051202488068,0.0001556605493746786,-0.011466067253045522,0.013575757575757576,0.17259864729270502,0.16732402421759487,6.716902533145485,1.281999999999999,78.87493668416988,3110.379481938633
1580.0,770.406662782418,0.95,0.6606751499207338,455816.15616310196,68264.03078355025,772.5398344470052,0,0,100507.26421058207,624587.4511572343,24.021655255308964,0.214230653604246,1294.7356884621865,0.510400769941838,0.5,5155.767903498982,1485.0,0.21811126235514525,773.15,0.9983524375801518,0.00017890797905790423,-0.01317848952881884,0.013575757575757576,0.17246261922388442,0.14790820666335758,6.716902533145485,1.281999999999999,80.53132553297075,2752.270422627849
1590.0,770.1759472792692,0.95,0.7086677625930855,555111.1134362867,83213.29271485782,772.4184645049688,0,0,122517.46640211082,760841.8725532554,29.289600780626667,0.21601973339482505,1294.6039035668985,0.41860151763136355,0.5,5224.966284113461,1485.0,0.17888238186780253,773.15,0.9986485632073628,0.00021793694629780082,-0.016053391133543364,0.013575757575757576,0.17230013058142196,0.12405010809050449,6.716902533145485,1.281999999999999,82.46278651212297,2310.8204895481263
1600.0,770.5250770957333,0.95,0.6399815735991337,416898.4540801846,62362.28839489027,772.6025585307636,0,0,91881.45246913872,571142.1949442136,21.95717737004584,0.21819910285780306,1294.443369655563,0.5583901396321187,0.5,5310.813695669205,1485.0,0.2386187196694585,773.15,0.998197668632683,0.0001635990215026614,-0.012050820780329968,0.013575757575757576,0.1725330855341065,0.1663671960437486,6.716902533145485,1.281999999999999,84.85590702233446,3092.757922392344
1610.0,770.8093617263876,0.95,0.6048356783323992,346661.83461688063,51767.42575507055,772.7526876793034,0,0,76313.0398832931,474742.30025524425,18.231040013261403,0.21983509307282967,1294.3228614477596,0.6725162869846473,0.5,5376.401481058474,1485.0,0.28738862663810566,773.15,0.9978297004956562,0.00013598605824468424,-0.010016830183202187,0.013575757575757576,0.17272338417705604,0.20193286575473474,6.716902533145485,1.281999999999999,86.68165931849144,3745.7168400038377
1620.0,770.48327517028,0.95,0.6448491875274772,429258.74596908945,64197.96638881231,772.5807649391782,0,0,94621.80425201762,588078.5166099194,22.613075069991023,0.2211949536552765,1294.2226931459275,0.5421938988677297,0.5,5431.6806338350025,1485.0,0.231697526116143,773.15,0.9982498999168259,0.00016845029265175662,-0.012408168878366,0.013575757575757576,0.17249652196492316,0.16552882479210546,6.716902533145485,1.281999999999999,88.21850856964768,3077.315613364326
1630.0,770.0442302235651,0.95,0.744085318805217,632937.0551538953,94852.63284645925,772.3495195355047,0,0,139769.76938772615,867559.4573880807,33.41882478939841,0.22287945658179406,1294.0986114571438,0.3668791890454687,0.5,5501.1322423228885,1485.0,0.15677970678543016,773.15,0.9988154475534847,0.0002485053277107867,-0.01830507994298206,0.013575757575757576,0.17219190396867512,0.11555975674200454,6.716902533145485,1.281999999999999,90.14663785005105,2153.3919026084714
1640.0,770.3445313325913,0.95,0.6667275749929622,477234.9001557397,71382.39319176694,772.50792414593,0,0,105257.03417003508,653874.3275175417,25.158544745526356,0.22536450985890194,1293.915560657714,0.48733626931133456,0.5,5605.602730723772,1485.0,0.20825503241904345,773.15,0.9984268306850841,0.00018729696582482264,-0.013796428286203453,0.013575757575757576,0.1723905372006185,0.1543565026541373,6.716902533145485,1.281999999999999,93.04071739823252,2871.3257526675206
1650.0,770.5404135736818,0.95,0.63357990190366,411210.69852879195,61428.027632255886,772.6114130546105,0,0,90622.3701559967,563261.0963170445,21.655890874636597,0.22723747951715018,1293.777596374852,0.5661587144376871,0.5,5685.963252359274,1485.0,0.2419384906363714,773.15,0.998172616712499,0.00016134154510679332,-0.011884533456527187,0.013575757575757576,0.17251956518337874,0.1810046523362679,6.716902533145485,1.281999999999999,95.26135443730895,3362.011436599059
1660.0,770.1650272531629,0.95,0.7052614832831978,558619.0682162247,83592.10942995231,772.4135171366779,0,0,123297.41999041167,765508.5976365886,29.47636442472734,0.22885089496821812,1293.6587510402867,0.4159492385465888,0.5,5756.330557569392,1485.0,0.17774897460557543,773.15,0.9986571202230601,0.00021927369161974262,-0.016151856748775683,0.013575757575757576,0.17225855850426125,0.1364302708493803,6.716902533145485,1.281999999999999,97.20160431600064,2540.072548537889
1670.0,770.0123672844728,0.95,0.751096802432667,653866.7648974754,97892.26524732081,772.3331770154805,0,0,144410.59623580388,896169.6263806002,34.52961986050389,0.23104363188441554,1293.497232472799,0.35507692778313066,0.5,5853.697235507863,1485.0,0.15173620713932437,773.15,0.9988535319712312,0.00025670047717380124,-0.018908740506105894,0.013575757575757576,0.17214843397069302,0.11959488722273018,6.716902533145485,1.281999999999999,99.87939216943393,2228.231578133832
1680.0,770.1851657512615,0.95,0.6977793953895115,547214.2876163069,81821.77584517197,772.4244375118535,0,0,120770.29666318856,749806.3601246675,28.87155436006956,0.23361063665615356,1293.308145067738,0.42466266916837914,0.5,5970.282333067517,1485.0,0.18147251395795386,773.15,0.9986290084632391,0.00021477591380697993,-0.015820547222389146,0.013575757575757576,0.17225966859824896,0.14453215279830123,6.716902533145485,1.281999999999999,103.07453108481266,2689.892152538079
1690.0,770.202590103546,0.95,0.6924250676169642,538030.3245205979,80416.8053128417,772.4337684687634,0,0,118734.9608705363,737182.0907039759,28.38443087858989,0.23575839579422336,1293.149939595514,0.431950578471355,0.5,6070.038613833898,1485.0,0.18458688053342553,773.15,0.9986054964081835,0.0002111597948392457,-0.015554181316283723,0.013575757575757576,0.1722658685054462,0.14944080533408982,6.716902533145485,1.281999999999999,105.79822815016284,2780.5774493169733
1700.0,769.9189745358907,0.95,0.7851727581715087,728883.9489849625,109070.75791065102,772.2842916590761,0,0,161040.30581543647,998995.01271105,38.5098326083931,0.23786999374261583,1292.9943977823511,0.3183776845323113,0.5,6170.132211021265,1485.0,0.13605339719014092,773.15,0.9989719651075536,0.0002861539700836322,-0.021078305832053265,0.013575757575757576,0.17206650692781641,0.11414117102923509,6.716902533145485,1.281999999999999,108.52119505443353,2127.072962038891
1710.0,769.5302761559868,0.95,1.1242309537609259,1423034.2495076023,213287.99571503553,772.0795669631837,0,0,314907.63778809045,1951229.8830107283,75.33657005082499,0.24073153344345216,1292.7836147240307,0.1627452819967191,0.5,6309.054716928571,1485.0,0.06954648383993123,773.15,0.9994743667757415,0.0005589138789132668,-0.041169995544950454,0.013575757575757576,0.17179370579141626,0.06401345108833298,6.716902533145485,1.281999999999999,112.28324790045404,1194.6978556062397
1720.0,769.5043120278184,0.95,1.1682208138191825,1517294.2196383404,227266.41139892305,772.0660209004029,0,0,335802.5383673777,2080363.1694046413,80.33761006404524,0.24632067223258483,1292.3719147685813,0.15261434000604288,0.5,6591.742728822475,1485.0,0.06521719462924894,773.15,0.9995070795338323,0.000595903055136765,-0.04389464468641349,0.013575757575757576,0.17176113514173338,0.06350338584828277,6.716902533145485,1.281999999999999,119.87327737222498,1185.1912412235683
1730.0,769.8627082662431,0.95,0.8048928768742655,780650.9065260501,116612.77046473978,772.2552686369811,0,0,172517.72388158354,1069781.4008723735,41.256945519002684,0.2522797027839525,1291.9329683217172,0.29717835829460293,0.5,6910.634373607277,1485.0,0.12699421844456021,773.15,0.9990403844343461,0.0003064301533903677,-0.022571863977415476,0.013575757575757576,0.17198977347892805,0.1205514547845376,6.716902533145485,1.281999999999999,128.3241763358723,2245.967788544777
1740.0,770.1103149519175,0.95,0.7075448957335307,584527.114892679,87165.83169701655,772.3862481941708,0,0,129045.1232841054,800738.069873801,30.852206962402345,0.2553440043178562,1291.707249681943,0.39740013907362953,0.5,7082.065042557444,1485.0,0.1698223260974642,773.15,0.9987169670062446,0.0002293648864869439,-0.016895181370690064,0.013575757575757576,0.17215074001254782,0.16206597610100795,6.716902533145485,1.281999999999999,132.8163524808954,3013.5091645597345
1750.0,770.0823542128285,0.95,0.7147746971865026,601089.7546746637,89619.4954711046,772.3715993579971,0,0,132716.84807045248,823426.0982162207,31.73101566137266,0.25763765318272563,1291.5382978682362,0.3863939140313262,0.5,7213.844797821818,1485.0,0.16511899926271992,773.15,0.9987524791674695,0.0002358636870824892,-0.017373887664558357,0.013575757575757576,0.1721255366684874,0.16087801878477187,6.716902533145485,1.281999999999999,136.24471051553454,2991.611500094461
1760.0,770.0001563811885,0.95,0.7411880943023242,656826.7327922474,97938.58941605467,772.3282678704327,0,0,145072.0396700164,899837.3618783185,34.68813115162597,0.2599962900535505,1291.3645589915907,0.35345436408765385,0.5,7352.547941389391,1485.0,0.15104283158679063,773.15,0.9988587678944387,0.00025775107008020674,-0.01898612793001523,0.013575757575757576,0.17206311140511316,0.15094541734160818,6.716902533145485,1.281999999999999,139.82958575475942,2808.3612106492405
1770.0,769.8243045792781,0.95,0.8204948560609044,820644.0319040111,122432.14994809513,772.2354269691988,0,0,181384.5699623101,1124460.7518144164,43.379213925589795,0.2625738007543526,1291.1746977122905,0.282639315655151,0.5,7507.9305145667895,1485.0,0.12078120088996774,773.15,0.9990873108755881,0.00032209260731113357,-0.02372557152068618,0.013575757575757576,0.17193618120415768,0.12548924864622535,6.716902533145485,1.281999999999999,143.8165205451966,2337.4889177412247
1780.0,769.8866512711623,0.95,0.7860535130290587,752921.2691919394,112240.75725807497,772.2685324441896,0,0,166373.59999244343,1031535.6264424578,39.78650061579163,0.26579472682746397,1290.9374419970836,0.30816159118856307,0.5,7707.8801473717485,1485.0,0.1316877199679125,773.15,0.9990049362416509,0.00029547496337160737,-0.021764896855497862,0.013575757575757576,0.17197017853423813,0.13958231372672658,6.716902533145485,1.281999999999999,148.90147122634968,2598.3803275015366
1790.0,769.8019643488891,0.95,0.8305108647252242,845944.4036300746,126110.53011150025,772.2238719833971,0,0,186993.83330753102,1159048.7670491058,44.72178172440677,0.26874947646118,1290.7197930285286,0.27415435755986156,0.5,7897.159349828248,1485.0,0.11715529546391407,773.15,0.9991146980774814,0.0003320000620539355,-0.024455361713794355,0.013575757575757576,0.17190450763538817,0.12860587016459343,6.716902533145485,1.281999999999999,153.66756119635735,2395.225744872052
1800.0,769.8981714194074,0.95,0.7774239480150492,740247.277163846,110246.2945120535,772.2749183881652,0,0,163565.40805728728,1014058.9797331868,39.11442964423546,0.27206947708171936,1290.4752394113907,0.3134564775481528,0.5,8116.786157264248,1485.0,0.13395040140557718,773.15,0.9989878475375741,0.00029046892052256914,-0.021396148163492817,0.013575757575757576,0.17196135810198396,0.14955619915583965,6.716902533145485,1.281999999999999,159.13969607413068,2782.708504317965
1810.0,770.3295730097569,0.95,0.6464874274991569,475501.74759682274,70629.56179537777,772.5036387181865,0,0,104881.98538415195,651013.2947763525,25.06912467095371,0.27497416628694504,1290.2612779297558,0.4890745687579947,0.5,8315.205907273912,1485.0,0.20899786571591625,773.15,0.9984212237157388,0.0001864774463407275,-0.013736061895633946,0.013575757575757576,0.17224845717175305,0.23302442805353343,6.716902533145485,1.281999999999999,164.02972928671355,4312.681693951361
1820.0,770.5469308043513,0.95,0.610127814634328,402864.90905418684,59756.94147127309,772.6191064494328,0,0,88781.55092598512,551403.4014514451,21.215652660079257,0.2768389407503523,1290.1239173107995,0.5779068659366565,0.5,8445.777710762946,1485.0,0.246958867376931,773.15,0.9981347327398633,0.00015794500516549433,-0.011634341898351145,0.013575757575757576,0.17239223387356634,0.27835126244319014,6.716902533145485,1.281999999999999,167.2198790924778,5131.613963691899
1830.0,770.09729830991,0.95,0.7003187238471668,587941.6014461812,87393.54261396737,772.3807221809305,0,0,129806.21324120196,805141.3573013505,31.03452678781728,0.27841839080200725,1290.007573891816,0.3950655159465833,0.5,8558.374263690614,1485.0,0.16882466381450645,773.15,0.9987244996844564,0.000230626172241908,-0.016988088580319114,0.013575757575757576,0.17208050060540583,0.19593240703403836,6.716902533145485,1.281999999999999,169.95319290857063,3635.862662951454
1840.0,769.6411078799175,0.95,0.9525018809083091,1104229.7867480011,164471.71419835175,772.139196771073,0,0,244248.09731570305,1512949.598262056,58.425141060740266,0.28072465252442635,1289.8376930060128,0.2098526612856713,0.5,8726.165434591167,1485.0,0.08967703725607679,773.15,0.9993222713602153,0.0004333720674983456,-0.03192249604340492,0.013575757575757576,0.17176289201948322,0.11222961306857047,6.716902533145485,1.281999999999999,173.99612213710657,2091.6011746955746
1850.0,769.790385970938,0.95,0.8292475442789925,856102.3825164986,127336.27949990168,772.2184050541825,0,0,189248.45438052953,1172687.1163969298,45.2615174577829,0.2850583731994098,1289.5184680455789,0.27088511446888797,0.5,9052.709358311877,1485.0,0.11575823891637137,773.15,0.9991252505303716,0.0003359066559424038,-0.024743124210043137,0.013575757575757576,0.17185322903061756,0.14640398961256967,6.716902533145485,1.281999999999999,181.76106202987307,2724.4813165238816
1860.0,769.8337321005882,0.95,0.8019715555531104,803056.0924705595,119362.07578473982,772.2415179008407,0,0,177490.72076699755,1099908.8890222968,42.44743674232846,0.2884174397588338,1289.2710368034784,0.28884362115936174,0.5,9316.355310331057,1485.0,0.12343250744210048,773.15,0.9990672854925768,0.0003150599265454432,-0.02320753923214202,0.013575757575757576,0.17187388553905253,0.15984096740184445,6.716902533145485,1.281999999999999,187.93189211170613,2972.492038136665
1870.0,769.7157507986278,0.95,0.8785931577319968,961823.228116826,142983.74556346235,772.1790983543514,0,0,212683.94079572515,1317490.9144760135,50.87062837183232,0.29156803902428824,1289.038961411157,0.24101670708624418,0.5,9572.407142484624,1485.0,0.10299447282818826,773.15,0.9992216648454904,0.00037738452237445926,-0.02779841347847579,0.013575757575757576,0.17178497650053703,0.13952568606212487,6.716902533145485,1.281999999999999,193.84187604441897,2597.333031785833
1880.0,769.4856707739649,0.95,1.1753832510025437,1570398.7082675193,233607.4046640352,772.0572680797812,0,0,347582.77568749705,2151588.8886190513,83.15744124671696,0.2953418842480328,1288.7609772763724,0.14743925683344836,0.5,9890.795318929819,1485.0,0.06300570908682689,773.15,0.9995237902631707,0.000616305081238932,-0.0453974725019749,0.013575757575757576,0.17161799674419922,0.09430312125059945,6.716902533145485,1.281999999999999,201.0781342565625,1758.5942955257494
1890.0,769.2700959046189,0.95,2.301495183063291,3873571.102888096,576358.1073169272,771.9431397788179,0,0,858110.2455538617,5308039.455758885,205.34752221791325,0.30150493506042214,1288.3070025513525,0.05970693585762461,0.5,10439.76928261764,1485.0,0.025514763923158233,773.15,0.9998071269871325,0.0015204445911135894,-0.11199703461327778,0.013575757575757576,0.17145467389509383,0.05023072692409004,6.716902533145485,1.281999999999999,213.26865535387833,937.7137928357106
1900.0,769.1999907431818,0.95,4.022024322285021,7396960.340337741,1098619.451741028,771.9060709669654,0,0,1639115.4357562584,10134695.227835028,392.2740186869508,0.31670938097155804,1287.1870322052198,0.03125537444112903,0.5,11966.674127367698,1485.0,0.013356463344509129,773.15,0.9998990302349053,0.0029030007538901064,-0.2138371091035123,0.013575757575757576,0.17136645056621166,0.038998221090095056,6.716902533145485,1.281999999999999,245.36937124204218,728.1455405977882
1910.0,769.2468536988388,0.95,2.6112132863335074,4539042.476679034,671184.6165463285,771.9311566117354,0,0,1005628.143772561,6215855.236997923,240.65487754021314,0.3457393885104591,1285.0486611141846,0.050947113405330216,0.5,15750.120837642682,1485.0,0.02177139979521109,773.15,0.9998354217620326,0.0017804810143197006,-0.13115150328694222,0.013575757575757576,0.17132110870817763,0.06779777483834638,6.716902533145485,1.281999999999999,315.042529367561,1265.2203454502333
1920.0,769.2368764794213,0.95,2.78687751471545,4910668.199893981,724313.7894341358,771.9259669885392,0,0,1088006.7440529836,6722988.733381101,260.37155929636134,0.3635441986536561,1283.7371460813151,0.04708913435369374,0.5,18834.67733483165,1485.0,0.020122756747145105,773.15,0.9998478835298753,0.0019257452663990187,-0.14185177185528486,0.013575757575757576,0.1712669219517253,0.07612165668810547,6.716902533145485,1.281999999999999,363.51488641448606,1420.2742602658127
1930.0,769.2134334757138,0.95,3.389664384693656,6154962.48908727,905432.9089005529,771.9135654032494,0,0,1363823.2809067927,8424218.678894615,326.38583767916475,0.3828016513176463,1282.3186283627622,0.0375649612273902,0.5,23088.580177506177,1485.0,0.016052760097838063,773.15,0.9998786484973496,0.0024130487030926107,-0.1777468910760182,0.013575757575757576,0.1711996920347924,0.07943697904528443,6.716902533145485,1.281999999999999,421.1228219086254,1482.0039457488904
1940.0,769.2501175635899,0.95,2.4893525454378946,4334470.472279987,635280.2112760522,771.9333677145411,0,0,960293.2051522451,5930043.888708285,229.80480196800394,0.40693213834857245,1280.541159452002,0.05335254630272767,0.5,30317.54654006865,1485.0,0.022799321453365606,773.15,0.9998276519834387,0.0016986126856820163,-0.1251210237221128,0.013575757575757576,0.171160466424878,0.12660145279283191,6.716902533145485,1.281999999999999,501.2685767736978,2358.095638600202
1950.0,769.2711560088726,0.95,2.1704616928177676,3695454.832295254,540228.3713144456,771.944803521403,0,0,818650.5703784302,5054333.77398813,195.90406117398706,0.4239182652053926,1279.2899492147808,0.06258507998309489,0.5,37218.2516663477,1485.0,0.026744690846109188,773.15,0.9997978305761962,0.0014477726686838077,-0.10664396889858405,0.013575757575757576,0.17112959872768282,0.17030370120991475,6.716902533145485,1.281999999999999,563.2310108932264,3165.2368045166927
1960.0,769.1537725312855,0.95,9.196190550636647,18045906.11955189,2634130.3028320866,771.8817725739686,0,0,3999606.675755934,24679643.09813991,957.2366792874733,0.43839599189223066,1278.223509525795,0.012808401101714386,0.5,44775.34466171206,1485.0,0.005473456737465943,773.15,0.9999586215231775,0.00706928239172553,-0.5207283904619252,0.013575757575757576,0.17101105902981725,0.07751866871120482,6.716902533145485,1.281999999999999,619.8006549181624,1446.287885135089
1970.0,769.1292588378386,0.95,47.30239484103653,95873239.477892,13851937.783206044,771.8686097139923,0,0,21251002.2961742,130976179.55727224,5086.199681480268,0.509088815809486,1273.0162256211756,0.002410576089301078,0.5,132858.69394562553,1485.0,0.00103011951549466,773.15,0.9999922123267869,0.037517057933041636,-2.7635332852463703,0.013575757575757576,0.17080617413108143,0.08419589804056504,6.716902533145485,1.281999999999999,949.060172258509,1570.5840518033503
